CID,IUPACName,IsomericSMILES,MolecularFormula,MolecularWeight,Synonyms,HBondDonorCount,HBondAcceptorCount
"129907609","14,21-bis[3-(dimethylamino)propyl]-13,15,20,22-tetraoxo-3,10,14,21-tetrazahexacyclo[10.10.2.02,11.04,9.016,24.019,23]tetracosa-1,4(9),5,7,11,16(24),17,19(23)-octaene-6-carboxylic acid","CN(C)CCCN1C(=O)C2=C3C4=C(C=C2)C(=O)N(C(=O)C4=C5C(=C3C1=O)NC6=C(N5)C=C(C=C6)C(=O)O)CCCN(C)C","C31H32N6O6","584.6","['bis[3-(dimethylamino)propyl]-tetraoxo-[?]carboxylic acid']","3","10"
"129907609","14,21-bis[3-(dimethylamino)propyl]-13,15,20,22-tetraoxo-3,10,14,21-tetrazahexacyclo[10.10.2.02,11.04,9.016,24.019,23]tetracosa-1,4(9),5,7,11,16(24),17,19(23)-octaene-6-carboxylic acid","CN(C)CCCN1C(=O)C2=C3C4=C(C=C2)C(=O)N(C(=O)C4=C5C(=C3C1=O)NC6=C(N5)C=C(C=C6)C(=O)O)CCCN(C)C","C31H32N6O6","584.6","['bis[3-(dimethylamino)propyl]-tetraoxo-[?]carboxylic acid']","3","10"
"129907609","14,21-bis[3-(dimethylamino)propyl]-13,15,20,22-tetraoxo-3,10,14,21-tetrazahexacyclo[10.10.2.02,11.04,9.016,24.019,23]tetracosa-1,4(9),5,7,11,16(24),17,19(23)-octaene-6-carboxylic acid","CN(C)CCCN1C(=O)C2=C3C4=C(C=C2)C(=O)N(C(=O)C4=C5C(=C3C1=O)NC6=C(N5)C=C(C=C6)C(=O)O)CCCN(C)C","C31H32N6O6","584.6","['bis[3-(dimethylamino)propyl]-tetraoxo-[?]carboxylic acid']","3","10"
"129907609","14,21-bis[3-(dimethylamino)propyl]-13,15,20,22-tetraoxo-3,10,14,21-tetrazahexacyclo[10.10.2.02,11.04,9.016,24.019,23]tetracosa-1,4(9),5,7,11,16(24),17,19(23)-octaene-6-carboxylic acid","CN(C)CCCN1C(=O)C2=C3C4=C(C=C2)C(=O)N(C(=O)C4=C5C(=C3C1=O)NC6=C(N5)C=C(C=C6)C(=O)O)CCCN(C)C","C31H32N6O6","584.6","['bis[3-(dimethylamino)propyl]-tetraoxo-[?]carboxylic acid']","3","10"
"129907609","14,21-bis[3-(dimethylamino)propyl]-13,15,20,22-tetraoxo-3,10,14,21-tetrazahexacyclo[10.10.2.02,11.04,9.016,24.019,23]tetracosa-1,4(9),5,7,11,16(24),17,19(23)-octaene-6-carboxylic acid","CN(C)CCCN1C(=O)C2=C3C4=C(C=C2)C(=O)N(C(=O)C4=C5C(=C3C1=O)NC6=C(N5)C=C(C=C6)C(=O)O)CCCN(C)C","C31H32N6O6","584.6","['bis[3-(dimethylamino)propyl]-tetraoxo-[?]carboxylic acid']","3","10"
"129907609","14,21-bis[3-(dimethylamino)propyl]-13,15,20,22-tetraoxo-3,10,14,21-tetrazahexacyclo[10.10.2.02,11.04,9.016,24.019,23]tetracosa-1,4(9),5,7,11,16(24),17,19(23)-octaene-6-carboxylic acid","CN(C)CCCN1C(=O)C2=C3C4=C(C=C2)C(=O)N(C(=O)C4=C5C(=C3C1=O)NC6=C(N5)C=C(C=C6)C(=O)O)CCCN(C)C","C31H32N6O6","584.6","['bis[3-(dimethylamino)propyl]-tetraoxo-[?]carboxylic acid']","3","10"
"129907609","14,21-bis[3-(dimethylamino)propyl]-13,15,20,22-tetraoxo-3,10,14,21-tetrazahexacyclo[10.10.2.02,11.04,9.016,24.019,23]tetracosa-1,4(9),5,7,11,16(24),17,19(23)-octaene-6-carboxylic acid","CN(C)CCCN1C(=O)C2=C3C4=C(C=C2)C(=O)N(C(=O)C4=C5C(=C3C1=O)NC6=C(N5)C=C(C=C6)C(=O)O)CCCN(C)C","C31H32N6O6","584.6","['bis[3-(dimethylamino)propyl]-tetraoxo-[?]carboxylic acid']","3","10"
"129907621","17-bromo-14,21-bis[3-(dimethylamino)propyl]-13,15,20,22-tetraoxo-3,10,14,21-tetrazahexacyclo[10.10.2.02,11.04,9.016,24.019,23]tetracosa-1,4(9),5,7,11,16,18,23-octaene-6-carboxylic acid","CN(C)CCCN1C(=O)C2=CC(=C3C4=C2C(=C5C(=C4C(=O)N(C3=O)CCCN(C)C)NC6=C(N5)C=C(C=C6)C(=O)O)C1=O)Br","C31H31BrN6O6","663.5","['bromo-bis[3-(dimethylamino)propyl]-tetraoxo-[?]carboxylic acid']","3","10"
"129907621","17-bromo-14,21-bis[3-(dimethylamino)propyl]-13,15,20,22-tetraoxo-3,10,14,21-tetrazahexacyclo[10.10.2.02,11.04,9.016,24.019,23]tetracosa-1,4(9),5,7,11,16,18,23-octaene-6-carboxylic acid","CN(C)CCCN1C(=O)C2=CC(=C3C4=C2C(=C5C(=C4C(=O)N(C3=O)CCCN(C)C)NC6=C(N5)C=C(C=C6)C(=O)O)C1=O)Br","C31H31BrN6O6","663.5","['bromo-bis[3-(dimethylamino)propyl]-tetraoxo-[?]carboxylic acid']","3","10"
"129907621","17-bromo-14,21-bis[3-(dimethylamino)propyl]-13,15,20,22-tetraoxo-3,10,14,21-tetrazahexacyclo[10.10.2.02,11.04,9.016,24.019,23]tetracosa-1,4(9),5,7,11,16,18,23-octaene-6-carboxylic acid","CN(C)CCCN1C(=O)C2=CC(=C3C4=C2C(=C5C(=C4C(=O)N(C3=O)CCCN(C)C)NC6=C(N5)C=C(C=C6)C(=O)O)C1=O)Br","C31H31BrN6O6","663.5","['bromo-bis[3-(dimethylamino)propyl]-tetraoxo-[?]carboxylic acid']","3","10"
"129907621","17-bromo-14,21-bis[3-(dimethylamino)propyl]-13,15,20,22-tetraoxo-3,10,14,21-tetrazahexacyclo[10.10.2.02,11.04,9.016,24.019,23]tetracosa-1,4(9),5,7,11,16,18,23-octaene-6-carboxylic acid","CN(C)CCCN1C(=O)C2=CC(=C3C4=C2C(=C5C(=C4C(=O)N(C3=O)CCCN(C)C)NC6=C(N5)C=C(C=C6)C(=O)O)C1=O)Br","C31H31BrN6O6","663.5","['bromo-bis[3-(dimethylamino)propyl]-tetraoxo-[?]carboxylic acid']","3","10"
"129907621","17-bromo-14,21-bis[3-(dimethylamino)propyl]-13,15,20,22-tetraoxo-3,10,14,21-tetrazahexacyclo[10.10.2.02,11.04,9.016,24.019,23]tetracosa-1,4(9),5,7,11,16,18,23-octaene-6-carboxylic acid","CN(C)CCCN1C(=O)C2=CC(=C3C4=C2C(=C5C(=C4C(=O)N(C3=O)CCCN(C)C)NC6=C(N5)C=C(C=C6)C(=O)O)C1=O)Br","C31H31BrN6O6","663.5","['bromo-bis[3-(dimethylamino)propyl]-tetraoxo-[?]carboxylic acid']","3","10"
"129907621","17-bromo-14,21-bis[3-(dimethylamino)propyl]-13,15,20,22-tetraoxo-3,10,14,21-tetrazahexacyclo[10.10.2.02,11.04,9.016,24.019,23]tetracosa-1,4(9),5,7,11,16,18,23-octaene-6-carboxylic acid","CN(C)CCCN1C(=O)C2=CC(=C3C4=C2C(=C5C(=C4C(=O)N(C3=O)CCCN(C)C)NC6=C(N5)C=C(C=C6)C(=O)O)C1=O)Br","C31H31BrN6O6","663.5","['bromo-bis[3-(dimethylamino)propyl]-tetraoxo-[?]carboxylic acid']","3","10"
"129907621","17-bromo-14,21-bis[3-(dimethylamino)propyl]-13,15,20,22-tetraoxo-3,10,14,21-tetrazahexacyclo[10.10.2.02,11.04,9.016,24.019,23]tetracosa-1,4(9),5,7,11,16,18,23-octaene-6-carboxylic acid","CN(C)CCCN1C(=O)C2=CC(=C3C4=C2C(=C5C(=C4C(=O)N(C3=O)CCCN(C)C)NC6=C(N5)C=C(C=C6)C(=O)O)C1=O)Br","C31H31BrN6O6","663.5","['bromo-bis[3-(dimethylamino)propyl]-tetraoxo-[?]carboxylic acid']","3","10"
"129907621","17-bromo-14,21-bis[3-(dimethylamino)propyl]-13,15,20,22-tetraoxo-3,10,14,21-tetrazahexacyclo[10.10.2.02,11.04,9.016,24.019,23]tetracosa-1,4(9),5,7,11,16,18,23-octaene-6-carboxylic acid","CN(C)CCCN1C(=O)C2=CC(=C3C4=C2C(=C5C(=C4C(=O)N(C3=O)CCCN(C)C)NC6=C(N5)C=C(C=C6)C(=O)O)C1=O)Br","C31H31BrN6O6","663.5","['bromo-bis[3-(dimethylamino)propyl]-tetraoxo-[?]carboxylic acid']","3","10"
"129907623","14,21-bis[3-(dimethylamino)propyl]-17-[3-(dimethylamino)propylamino]-3,10,14,21-tetrazahexacyclo[10.10.2.02,11.04,9.016,24.019,23]tetracosa-1,4,6,8,11,16,18,23-octaene-13,15,20,22-tetrone","CN(C)CCCNC1=C2C3=C4C(=C1)C(=O)N(C(=O)C4=C5C(=C3C(=O)N(C2=O)CCCN(C)C)NC6=CC=CC=C6N5)CCCN(C)C","C35H44N8O4","640.8","['bis[3-(dimethylamino)propyl]-[3-(dimethylamino)propylamino][?]tetrone']","3","10"
"129907623","14,21-bis[3-(dimethylamino)propyl]-17-[3-(dimethylamino)propylamino]-3,10,14,21-tetrazahexacyclo[10.10.2.02,11.04,9.016,24.019,23]tetracosa-1,4,6,8,11,16,18,23-octaene-13,15,20,22-tetrone","CN(C)CCCNC1=C2C3=C4C(=C1)C(=O)N(C(=O)C4=C5C(=C3C(=O)N(C2=O)CCCN(C)C)NC6=CC=CC=C6N5)CCCN(C)C","C35H44N8O4","640.8","['bis[3-(dimethylamino)propyl]-[3-(dimethylamino)propylamino][?]tetrone']","3","10"
"129907623","14,21-bis[3-(dimethylamino)propyl]-17-[3-(dimethylamino)propylamino]-3,10,14,21-tetrazahexacyclo[10.10.2.02,11.04,9.016,24.019,23]tetracosa-1,4,6,8,11,16,18,23-octaene-13,15,20,22-tetrone","CN(C)CCCNC1=C2C3=C4C(=C1)C(=O)N(C(=O)C4=C5C(=C3C(=O)N(C2=O)CCCN(C)C)NC6=CC=CC=C6N5)CCCN(C)C","C35H44N8O4","640.8","['bis[3-(dimethylamino)propyl]-[3-(dimethylamino)propylamino][?]tetrone']","3","10"
"129907623","14,21-bis[3-(dimethylamino)propyl]-17-[3-(dimethylamino)propylamino]-3,10,14,21-tetrazahexacyclo[10.10.2.02,11.04,9.016,24.019,23]tetracosa-1,4,6,8,11,16,18,23-octaene-13,15,20,22-tetrone","CN(C)CCCNC1=C2C3=C4C(=C1)C(=O)N(C(=O)C4=C5C(=C3C(=O)N(C2=O)CCCN(C)C)NC6=CC=CC=C6N5)CCCN(C)C","C35H44N8O4","640.8","['bis[3-(dimethylamino)propyl]-[3-(dimethylamino)propylamino][?]tetrone']","3","10"
"129907623","14,21-bis[3-(dimethylamino)propyl]-17-[3-(dimethylamino)propylamino]-3,10,14,21-tetrazahexacyclo[10.10.2.02,11.04,9.016,24.019,23]tetracosa-1,4,6,8,11,16,18,23-octaene-13,15,20,22-tetrone","CN(C)CCCNC1=C2C3=C4C(=C1)C(=O)N(C(=O)C4=C5C(=C3C(=O)N(C2=O)CCCN(C)C)NC6=CC=CC=C6N5)CCCN(C)C","C35H44N8O4","640.8","['bis[3-(dimethylamino)propyl]-[3-(dimethylamino)propylamino][?]tetrone']","3","10"
"129907623","14,21-bis[3-(dimethylamino)propyl]-17-[3-(dimethylamino)propylamino]-3,10,14,21-tetrazahexacyclo[10.10.2.02,11.04,9.016,24.019,23]tetracosa-1,4,6,8,11,16,18,23-octaene-13,15,20,22-tetrone","CN(C)CCCNC1=C2C3=C4C(=C1)C(=O)N(C(=O)C4=C5C(=C3C(=O)N(C2=O)CCCN(C)C)NC6=CC=CC=C6N5)CCCN(C)C","C35H44N8O4","640.8","['bis[3-(dimethylamino)propyl]-[3-(dimethylamino)propylamino][?]tetrone']","3","10"
"129907623","14,21-bis[3-(dimethylamino)propyl]-17-[3-(dimethylamino)propylamino]-3,10,14,21-tetrazahexacyclo[10.10.2.02,11.04,9.016,24.019,23]tetracosa-1,4,6,8,11,16,18,23-octaene-13,15,20,22-tetrone","CN(C)CCCNC1=C2C3=C4C(=C1)C(=O)N(C(=O)C4=C5C(=C3C(=O)N(C2=O)CCCN(C)C)NC6=CC=CC=C6N5)CCCN(C)C","C35H44N8O4","640.8","['bis[3-(dimethylamino)propyl]-[3-(dimethylamino)propylamino][?]tetrone']","3","10"
"129907623","14,21-bis[3-(dimethylamino)propyl]-17-[3-(dimethylamino)propylamino]-3,10,14,21-tetrazahexacyclo[10.10.2.02,11.04,9.016,24.019,23]tetracosa-1,4,6,8,11,16,18,23-octaene-13,15,20,22-tetrone","CN(C)CCCNC1=C2C3=C4C(=C1)C(=O)N(C(=O)C4=C5C(=C3C(=O)N(C2=O)CCCN(C)C)NC6=CC=CC=C6N5)CCCN(C)C","C35H44N8O4","640.8","['bis[3-(dimethylamino)propyl]-[3-(dimethylamino)propylamino][?]tetrone']","3","10"
"129907623","14,21-bis[3-(dimethylamino)propyl]-17-[3-(dimethylamino)propylamino]-3,10,14,21-tetrazahexacyclo[10.10.2.02,11.04,9.016,24.019,23]tetracosa-1,4,6,8,11,16,18,23-octaene-13,15,20,22-tetrone","CN(C)CCCNC1=C2C3=C4C(=C1)C(=O)N(C(=O)C4=C5C(=C3C(=O)N(C2=O)CCCN(C)C)NC6=CC=CC=C6N5)CCCN(C)C","C35H44N8O4","640.8","['bis[3-(dimethylamino)propyl]-[3-(dimethylamino)propylamino][?]tetrone']","3","10"
"129907623","14,21-bis[3-(dimethylamino)propyl]-17-[3-(dimethylamino)propylamino]-3,10,14,21-tetrazahexacyclo[10.10.2.02,11.04,9.016,24.019,23]tetracosa-1,4,6,8,11,16,18,23-octaene-13,15,20,22-tetrone","CN(C)CCCNC1=C2C3=C4C(=C1)C(=O)N(C(=O)C4=C5C(=C3C(=O)N(C2=O)CCCN(C)C)NC6=CC=CC=C6N5)CCCN(C)C","C35H44N8O4","640.8","['bis[3-(dimethylamino)propyl]-[3-(dimethylamino)propylamino][?]tetrone']","3","10"
"129907623","14,21-bis[3-(dimethylamino)propyl]-17-[3-(dimethylamino)propylamino]-3,10,14,21-tetrazahexacyclo[10.10.2.02,11.04,9.016,24.019,23]tetracosa-1,4,6,8,11,16,18,23-octaene-13,15,20,22-tetrone","CN(C)CCCNC1=C2C3=C4C(=C1)C(=O)N(C(=O)C4=C5C(=C3C(=O)N(C2=O)CCCN(C)C)NC6=CC=CC=C6N5)CCCN(C)C","C35H44N8O4","640.8","['bis[3-(dimethylamino)propyl]-[3-(dimethylamino)propylamino][?]tetrone']","3","10"
"129907623","14,21-bis[3-(dimethylamino)propyl]-17-[3-(dimethylamino)propylamino]-3,10,14,21-tetrazahexacyclo[10.10.2.02,11.04,9.016,24.019,23]tetracosa-1,4,6,8,11,16,18,23-octaene-13,15,20,22-tetrone","CN(C)CCCNC1=C2C3=C4C(=C1)C(=O)N(C(=O)C4=C5C(=C3C(=O)N(C2=O)CCCN(C)C)NC6=CC=CC=C6N5)CCCN(C)C","C35H44N8O4","640.8","['bis[3-(dimethylamino)propyl]-[3-(dimethylamino)propylamino][?]tetrone']","3","10"
"129907623","14,21-bis[3-(dimethylamino)propyl]-17-[3-(dimethylamino)propylamino]-3,10,14,21-tetrazahexacyclo[10.10.2.02,11.04,9.016,24.019,23]tetracosa-1,4,6,8,11,16,18,23-octaene-13,15,20,22-tetrone","CN(C)CCCNC1=C2C3=C4C(=C1)C(=O)N(C(=O)C4=C5C(=C3C(=O)N(C2=O)CCCN(C)C)NC6=CC=CC=C6N5)CCCN(C)C","C35H44N8O4","640.8","['bis[3-(dimethylamino)propyl]-[3-(dimethylamino)propylamino][?]tetrone']","3","10"
"129907623","14,21-bis[3-(dimethylamino)propyl]-17-[3-(dimethylamino)propylamino]-3,10,14,21-tetrazahexacyclo[10.10.2.02,11.04,9.016,24.019,23]tetracosa-1,4,6,8,11,16,18,23-octaene-13,15,20,22-tetrone","CN(C)CCCNC1=C2C3=C4C(=C1)C(=O)N(C(=O)C4=C5C(=C3C(=O)N(C2=O)CCCN(C)C)NC6=CC=CC=C6N5)CCCN(C)C","C35H44N8O4","640.8","['bis[3-(dimethylamino)propyl]-[3-(dimethylamino)propylamino][?]tetrone']","3","10"
"129907623","14,21-bis[3-(dimethylamino)propyl]-17-[3-(dimethylamino)propylamino]-3,10,14,21-tetrazahexacyclo[10.10.2.02,11.04,9.016,24.019,23]tetracosa-1,4,6,8,11,16,18,23-octaene-13,15,20,22-tetrone","CN(C)CCCNC1=C2C3=C4C(=C1)C(=O)N(C(=O)C4=C5C(=C3C(=O)N(C2=O)CCCN(C)C)NC6=CC=CC=C6N5)CCCN(C)C","C35H44N8O4","640.8","['bis[3-(dimethylamino)propyl]-[3-(dimethylamino)propylamino][?]tetrone']","3","10"
"129907623","14,21-bis[3-(dimethylamino)propyl]-17-[3-(dimethylamino)propylamino]-3,10,14,21-tetrazahexacyclo[10.10.2.02,11.04,9.016,24.019,23]tetracosa-1,4,6,8,11,16,18,23-octaene-13,15,20,22-tetrone","CN(C)CCCNC1=C2C3=C4C(=C1)C(=O)N(C(=O)C4=C5C(=C3C(=O)N(C2=O)CCCN(C)C)NC6=CC=CC=C6N5)CCCN(C)C","C35H44N8O4","640.8","['bis[3-(dimethylamino)propyl]-[3-(dimethylamino)propylamino][?]tetrone']","3","10"
"129907623","14,21-bis[3-(dimethylamino)propyl]-17-[3-(dimethylamino)propylamino]-3,10,14,21-tetrazahexacyclo[10.10.2.02,11.04,9.016,24.019,23]tetracosa-1,4,6,8,11,16,18,23-octaene-13,15,20,22-tetrone","CN(C)CCCNC1=C2C3=C4C(=C1)C(=O)N(C(=O)C4=C5C(=C3C(=O)N(C2=O)CCCN(C)C)NC6=CC=CC=C6N5)CCCN(C)C","C35H44N8O4","640.8","['bis[3-(dimethylamino)propyl]-[3-(dimethylamino)propylamino][?]tetrone']","3","10"
"129907623","14,21-bis[3-(dimethylamino)propyl]-17-[3-(dimethylamino)propylamino]-3,10,14,21-tetrazahexacyclo[10.10.2.02,11.04,9.016,24.019,23]tetracosa-1,4,6,8,11,16,18,23-octaene-13,15,20,22-tetrone","CN(C)CCCNC1=C2C3=C4C(=C1)C(=O)N(C(=O)C4=C5C(=C3C(=O)N(C2=O)CCCN(C)C)NC6=CC=CC=C6N5)CCCN(C)C","C35H44N8O4","640.8","['bis[3-(dimethylamino)propyl]-[3-(dimethylamino)propylamino][?]tetrone']","3","10"
"129907623","14,21-bis[3-(dimethylamino)propyl]-17-[3-(dimethylamino)propylamino]-3,10,14,21-tetrazahexacyclo[10.10.2.02,11.04,9.016,24.019,23]tetracosa-1,4,6,8,11,16,18,23-octaene-13,15,20,22-tetrone","CN(C)CCCNC1=C2C3=C4C(=C1)C(=O)N(C(=O)C4=C5C(=C3C(=O)N(C2=O)CCCN(C)C)NC6=CC=CC=C6N5)CCCN(C)C","C35H44N8O4","640.8","['bis[3-(dimethylamino)propyl]-[3-(dimethylamino)propylamino][?]tetrone']","3","10"
"129907623","14,21-bis[3-(dimethylamino)propyl]-17-[3-(dimethylamino)propylamino]-3,10,14,21-tetrazahexacyclo[10.10.2.02,11.04,9.016,24.019,23]tetracosa-1,4,6,8,11,16,18,23-octaene-13,15,20,22-tetrone","CN(C)CCCNC1=C2C3=C4C(=C1)C(=O)N(C(=O)C4=C5C(=C3C(=O)N(C2=O)CCCN(C)C)NC6=CC=CC=C6N5)CCCN(C)C","C35H44N8O4","640.8","['bis[3-(dimethylamino)propyl]-[3-(dimethylamino)propylamino][?]tetrone']","3","10"
"129907623","14,21-bis[3-(dimethylamino)propyl]-17-[3-(dimethylamino)propylamino]-3,10,14,21-tetrazahexacyclo[10.10.2.02,11.04,9.016,24.019,23]tetracosa-1,4,6,8,11,16,18,23-octaene-13,15,20,22-tetrone","CN(C)CCCNC1=C2C3=C4C(=C1)C(=O)N(C(=O)C4=C5C(=C3C(=O)N(C2=O)CCCN(C)C)NC6=CC=CC=C6N5)CCCN(C)C","C35H44N8O4","640.8","['bis[3-(dimethylamino)propyl]-[3-(dimethylamino)propylamino][?]tetrone']","3","10"
"129907623","14,21-bis[3-(dimethylamino)propyl]-17-[3-(dimethylamino)propylamino]-3,10,14,21-tetrazahexacyclo[10.10.2.02,11.04,9.016,24.019,23]tetracosa-1,4,6,8,11,16,18,23-octaene-13,15,20,22-tetrone","CN(C)CCCNC1=C2C3=C4C(=C1)C(=O)N(C(=O)C4=C5C(=C3C(=O)N(C2=O)CCCN(C)C)NC6=CC=CC=C6N5)CCCN(C)C","C35H44N8O4","640.8","['bis[3-(dimethylamino)propyl]-[3-(dimethylamino)propylamino][?]tetrone']","3","10"
"129907625","trimethyl-[3-[13,15,20,22-tetraoxo-21-[3-(trimethylazaniumyl)propyl]-3,10,14,21-tetrazahexacyclo[10.10.2.02,11.04,9.016,24.019,23]tetracosa-1,4,6,8,11,16(24),17,19(23)-octaen-14-yl]propyl]azanium","C[N+](C)(C)CCCN1C(=O)C2=C3C4=C(C=C2)C(=O)N(C(=O)C4=C5C(=C3C1=O)NC6=CC=CC=C6N5)CCC[N+](C)(C)C","C32H38N6O4+2","570.7","[]","2","6"
"129907625","trimethyl-[3-[13,15,20,22-tetraoxo-21-[3-(trimethylazaniumyl)propyl]-3,10,14,21-tetrazahexacyclo[10.10.2.02,11.04,9.016,24.019,23]tetracosa-1,4,6,8,11,16(24),17,19(23)-octaen-14-yl]propyl]azanium","C[N+](C)(C)CCCN1C(=O)C2=C3C4=C(C=C2)C(=O)N(C(=O)C4=C5C(=C3C1=O)NC6=CC=CC=C6N5)CCC[N+](C)(C)C","C32H38N6O4+2","570.7","[]","2","6"
"129907625","trimethyl-[3-[13,15,20,22-tetraoxo-21-[3-(trimethylazaniumyl)propyl]-3,10,14,21-tetrazahexacyclo[10.10.2.02,11.04,9.016,24.019,23]tetracosa-1,4,6,8,11,16(24),17,19(23)-octaen-14-yl]propyl]azanium","C[N+](C)(C)CCCN1C(=O)C2=C3C4=C(C=C2)C(=O)N(C(=O)C4=C5C(=C3C1=O)NC6=CC=CC=C6N5)CCC[N+](C)(C)C","C32H38N6O4+2","570.7","[]","2","6"
"129907625","trimethyl-[3-[13,15,20,22-tetraoxo-21-[3-(trimethylazaniumyl)propyl]-3,10,14,21-tetrazahexacyclo[10.10.2.02,11.04,9.016,24.019,23]tetracosa-1,4,6,8,11,16(24),17,19(23)-octaen-14-yl]propyl]azanium","C[N+](C)(C)CCCN1C(=O)C2=C3C4=C(C=C2)C(=O)N(C(=O)C4=C5C(=C3C1=O)NC6=CC=CC=C6N5)CCC[N+](C)(C)C","C32H38N6O4+2","570.7","[]","2","6"
"129907625","trimethyl-[3-[13,15,20,22-tetraoxo-21-[3-(trimethylazaniumyl)propyl]-3,10,14,21-tetrazahexacyclo[10.10.2.02,11.04,9.016,24.019,23]tetracosa-1,4,6,8,11,16(24),17,19(23)-octaen-14-yl]propyl]azanium","C[N+](C)(C)CCCN1C(=O)C2=C3C4=C(C=C2)C(=O)N(C(=O)C4=C5C(=C3C1=O)NC6=CC=CC=C6N5)CCC[N+](C)(C)C","C32H38N6O4+2","570.7","[]","2","6"
"129907625","trimethyl-[3-[13,15,20,22-tetraoxo-21-[3-(trimethylazaniumyl)propyl]-3,10,14,21-tetrazahexacyclo[10.10.2.02,11.04,9.016,24.019,23]tetracosa-1,4,6,8,11,16(24),17,19(23)-octaen-14-yl]propyl]azanium","C[N+](C)(C)CCCN1C(=O)C2=C3C4=C(C=C2)C(=O)N(C(=O)C4=C5C(=C3C1=O)NC6=CC=CC=C6N5)CCC[N+](C)(C)C","C32H38N6O4+2","570.7","[]","2","6"
"129907303","3-[17-bromo-13,15,20,22-tetraoxo-21-[3-(trimethylazaniumyl)propyl]-3,10,14,21-tetrazahexacyclo[10.10.2.02,11.04,9.016,24.019,23]tetracosa-1,4,6,8,11,16,18,23-octaen-14-yl]propyl-trimethylazanium","C[N+](C)(C)CCCN1C(=O)C2=CC(=C3C4=C2C(=C5C(=C4C(=O)N(C3=O)CCC[N+](C)(C)C)NC6=CC=CC=C6N5)C1=O)Br","C32H37BrN6O4+2","649.6","[]","2","6"
"129907303","3-[17-bromo-13,15,20,22-tetraoxo-21-[3-(trimethylazaniumyl)propyl]-3,10,14,21-tetrazahexacyclo[10.10.2.02,11.04,9.016,24.019,23]tetracosa-1,4,6,8,11,16,18,23-octaen-14-yl]propyl-trimethylazanium","C[N+](C)(C)CCCN1C(=O)C2=CC(=C3C4=C2C(=C5C(=C4C(=O)N(C3=O)CCC[N+](C)(C)C)NC6=CC=CC=C6N5)C1=O)Br","C32H37BrN6O4+2","649.6","[]","2","6"
"129907303","3-[17-bromo-13,15,20,22-tetraoxo-21-[3-(trimethylazaniumyl)propyl]-3,10,14,21-tetrazahexacyclo[10.10.2.02,11.04,9.016,24.019,23]tetracosa-1,4,6,8,11,16,18,23-octaen-14-yl]propyl-trimethylazanium","C[N+](C)(C)CCCN1C(=O)C2=CC(=C3C4=C2C(=C5C(=C4C(=O)N(C3=O)CCC[N+](C)(C)C)NC6=CC=CC=C6N5)C1=O)Br","C32H37BrN6O4+2","649.6","[]","2","6"
"129907303","3-[17-bromo-13,15,20,22-tetraoxo-21-[3-(trimethylazaniumyl)propyl]-3,10,14,21-tetrazahexacyclo[10.10.2.02,11.04,9.016,24.019,23]tetracosa-1,4,6,8,11,16,18,23-octaen-14-yl]propyl-trimethylazanium","C[N+](C)(C)CCCN1C(=O)C2=CC(=C3C4=C2C(=C5C(=C4C(=O)N(C3=O)CCC[N+](C)(C)C)NC6=CC=CC=C6N5)C1=O)Br","C32H37BrN6O4+2","649.6","[]","2","6"
"129907303","3-[17-bromo-13,15,20,22-tetraoxo-21-[3-(trimethylazaniumyl)propyl]-3,10,14,21-tetrazahexacyclo[10.10.2.02,11.04,9.016,24.019,23]tetracosa-1,4,6,8,11,16,18,23-octaen-14-yl]propyl-trimethylazanium","C[N+](C)(C)CCCN1C(=O)C2=CC(=C3C4=C2C(=C5C(=C4C(=O)N(C3=O)CCC[N+](C)(C)C)NC6=CC=CC=C6N5)C1=O)Br","C32H37BrN6O4+2","649.6","[]","2","6"
"129907303","3-[17-bromo-13,15,20,22-tetraoxo-21-[3-(trimethylazaniumyl)propyl]-3,10,14,21-tetrazahexacyclo[10.10.2.02,11.04,9.016,24.019,23]tetracosa-1,4,6,8,11,16,18,23-octaen-14-yl]propyl-trimethylazanium","C[N+](C)(C)CCCN1C(=O)C2=CC(=C3C4=C2C(=C5C(=C4C(=O)N(C3=O)CCC[N+](C)(C)C)NC6=CC=CC=C6N5)C1=O)Br","C32H37BrN6O4+2","649.6","[]","2","6"
"129907303","3-[17-bromo-13,15,20,22-tetraoxo-21-[3-(trimethylazaniumyl)propyl]-3,10,14,21-tetrazahexacyclo[10.10.2.02,11.04,9.016,24.019,23]tetracosa-1,4,6,8,11,16,18,23-octaen-14-yl]propyl-trimethylazanium","C[N+](C)(C)CCCN1C(=O)C2=CC(=C3C4=C2C(=C5C(=C4C(=O)N(C3=O)CCC[N+](C)(C)C)NC6=CC=CC=C6N5)C1=O)Br","C32H37BrN6O4+2","649.6","[]","2","6"
"90466365","4-(2-aminoethoxy)-2-N,6-N-bis[4-[2-(dimethylamino)ethoxy]quinolin-2-yl]pyridine-2,6-dicarboxamide","CN(C)CCOC1=CC(=NC2=CC=CC=C21)NC(=O)C3=CC(=CC(=N3)C(=O)NC4=NC5=CC=CC=C5C(=C4)OCCN(C)C)OCCN","C35H40N8O5","652.7","['CHEMBL3787049']","3","11"
"90466365","4-(2-aminoethoxy)-2-N,6-N-bis[4-[2-(dimethylamino)ethoxy]quinolin-2-yl]pyridine-2,6-dicarboxamide","CN(C)CCOC1=CC(=NC2=CC=CC=C21)NC(=O)C3=CC(=CC(=N3)C(=O)NC4=NC5=CC=CC=C5C(=C4)OCCN(C)C)OCCN","C35H40N8O5","652.7","['CHEMBL3787049']","3","11"
"90466365","4-(2-aminoethoxy)-2-N,6-N-bis[4-[2-(dimethylamino)ethoxy]quinolin-2-yl]pyridine-2,6-dicarboxamide","CN(C)CCOC1=CC(=NC2=CC=CC=C21)NC(=O)C3=CC(=CC(=N3)C(=O)NC4=NC5=CC=CC=C5C(=C4)OCCN(C)C)OCCN","C35H40N8O5","652.7","['CHEMBL3787049']","3","11"
"90466365","4-(2-aminoethoxy)-2-N,6-N-bis[4-[2-(dimethylamino)ethoxy]quinolin-2-yl]pyridine-2,6-dicarboxamide","CN(C)CCOC1=CC(=NC2=CC=CC=C21)NC(=O)C3=CC(=CC(=N3)C(=O)NC4=NC5=CC=CC=C5C(=C4)OCCN(C)C)OCCN","C35H40N8O5","652.7","['CHEMBL3787049']","3","11"
"90466365","4-(2-aminoethoxy)-2-N,6-N-bis[4-[2-(dimethylamino)ethoxy]quinolin-2-yl]pyridine-2,6-dicarboxamide","CN(C)CCOC1=CC(=NC2=CC=CC=C21)NC(=O)C3=CC(=CC(=N3)C(=O)NC4=NC5=CC=CC=C5C(=C4)OCCN(C)C)OCCN","C35H40N8O5","652.7","['CHEMBL3787049']","3","11"
"90466365","4-(2-aminoethoxy)-2-N,6-N-bis[4-[2-(dimethylamino)ethoxy]quinolin-2-yl]pyridine-2,6-dicarboxamide","CN(C)CCOC1=CC(=NC2=CC=CC=C21)NC(=O)C3=CC(=CC(=N3)C(=O)NC4=NC5=CC=CC=C5C(=C4)OCCN(C)C)OCCN","C35H40N8O5","652.7","['CHEMBL3787049']","3","11"
"90466365","4-(2-aminoethoxy)-2-N,6-N-bis[4-[2-(dimethylamino)ethoxy]quinolin-2-yl]pyridine-2,6-dicarboxamide","CN(C)CCOC1=CC(=NC2=CC=CC=C21)NC(=O)C3=CC(=CC(=N3)C(=O)NC4=NC5=CC=CC=C5C(=C4)OCCN(C)C)OCCN","C35H40N8O5","652.7","['CHEMBL3787049']","3","11"
"90466365","4-(2-aminoethoxy)-2-N,6-N-bis[4-[2-(dimethylamino)ethoxy]quinolin-2-yl]pyridine-2,6-dicarboxamide","CN(C)CCOC1=CC(=NC2=CC=CC=C21)NC(=O)C3=CC(=CC(=N3)C(=O)NC4=NC5=CC=CC=C5C(=C4)OCCN(C)C)OCCN","C35H40N8O5","652.7","['CHEMBL3787049']","3","11"
"90466365","4-(2-aminoethoxy)-2-N,6-N-bis[4-[2-(dimethylamino)ethoxy]quinolin-2-yl]pyridine-2,6-dicarboxamide","CN(C)CCOC1=CC(=NC2=CC=CC=C21)NC(=O)C3=CC(=CC(=N3)C(=O)NC4=NC5=CC=CC=C5C(=C4)OCCN(C)C)OCCN","C35H40N8O5","652.7","['CHEMBL3787049']","3","11"
"90466365","4-(2-aminoethoxy)-2-N,6-N-bis[4-[2-(dimethylamino)ethoxy]quinolin-2-yl]pyridine-2,6-dicarboxamide","CN(C)CCOC1=CC(=NC2=CC=CC=C21)NC(=O)C3=CC(=CC(=N3)C(=O)NC4=NC5=CC=CC=C5C(=C4)OCCN(C)C)OCCN","C35H40N8O5","652.7","['CHEMBL3787049']","3","11"
"102218320","9-methyl-3,6-bis[6-(4-methylpiperazin-1-yl)-1H-benzimidazol-2-yl]carbazole","CN1CCN(CC1)C2=CC3=C(C=C2)N=C(N3)C4=CC5=C(C=C4)N(C6=C5C=C(C=C6)C7=NC8=C(N7)C=C(C=C8)N9CCN(CC9)C)C","C37H39N9","609.8","['3,6-Bis[5-(4-methylpiperazino)-1H-benzoimidazole-2-yl]-9-methyl-9H-carbazole']","2","6"
"102218320","9-methyl-3,6-bis[6-(4-methylpiperazin-1-yl)-1H-benzimidazol-2-yl]carbazole","CN1CCN(CC1)C2=CC3=C(C=C2)N=C(N3)C4=CC5=C(C=C4)N(C6=C5C=C(C=C6)C7=NC8=C(N7)C=C(C=C8)N9CCN(CC9)C)C","C37H39N9","609.8","['3,6-Bis[5-(4-methylpiperazino)-1H-benzoimidazole-2-yl]-9-methyl-9H-carbazole']","2","6"
"102218320","9-methyl-3,6-bis[6-(4-methylpiperazin-1-yl)-1H-benzimidazol-2-yl]carbazole","CN1CCN(CC1)C2=CC3=C(C=C2)N=C(N3)C4=CC5=C(C=C4)N(C6=C5C=C(C=C6)C7=NC8=C(N7)C=C(C=C8)N9CCN(CC9)C)C","C37H39N9","609.8","['3,6-Bis[5-(4-methylpiperazino)-1H-benzoimidazole-2-yl]-9-methyl-9H-carbazole']","2","6"
"102218320","9-methyl-3,6-bis[6-(4-methylpiperazin-1-yl)-1H-benzimidazol-2-yl]carbazole","CN1CCN(CC1)C2=CC3=C(C=C2)N=C(N3)C4=CC5=C(C=C4)N(C6=C5C=C(C=C6)C7=NC8=C(N7)C=C(C=C8)N9CCN(CC9)C)C","C37H39N9","609.8","['3,6-Bis[5-(4-methylpiperazino)-1H-benzoimidazole-2-yl]-9-methyl-9H-carbazole']","2","6"
"102218320","9-methyl-3,6-bis[6-(4-methylpiperazin-1-yl)-1H-benzimidazol-2-yl]carbazole","CN1CCN(CC1)C2=CC3=C(C=C2)N=C(N3)C4=CC5=C(C=C4)N(C6=C5C=C(C=C6)C7=NC8=C(N7)C=C(C=C8)N9CCN(CC9)C)C","C37H39N9","609.8","['3,6-Bis[5-(4-methylpiperazino)-1H-benzoimidazole-2-yl]-9-methyl-9H-carbazole']","2","6"
"102218320","9-methyl-3,6-bis[6-(4-methylpiperazin-1-yl)-1H-benzimidazol-2-yl]carbazole","CN1CCN(CC1)C2=CC3=C(C=C2)N=C(N3)C4=CC5=C(C=C4)N(C6=C5C=C(C=C6)C7=NC8=C(N7)C=C(C=C8)N9CCN(CC9)C)C","C37H39N9","609.8","['3,6-Bis[5-(4-methylpiperazino)-1H-benzoimidazole-2-yl]-9-methyl-9H-carbazole']","2","6"
"102218320","9-methyl-3,6-bis[6-(4-methylpiperazin-1-yl)-1H-benzimidazol-2-yl]carbazole","CN1CCN(CC1)C2=CC3=C(C=C2)N=C(N3)C4=CC5=C(C=C4)N(C6=C5C=C(C=C6)C7=NC8=C(N7)C=C(C=C8)N9CCN(CC9)C)C","C37H39N9","609.8","['3,6-Bis[5-(4-methylpiperazino)-1H-benzoimidazole-2-yl]-9-methyl-9H-carbazole']","2","6"
"102218320","9-methyl-3,6-bis[6-(4-methylpiperazin-1-yl)-1H-benzimidazol-2-yl]carbazole","CN1CCN(CC1)C2=CC3=C(C=C2)N=C(N3)C4=CC5=C(C=C4)N(C6=C5C=C(C=C6)C7=NC8=C(N7)C=C(C=C8)N9CCN(CC9)C)C","C37H39N9","609.8","['3,6-Bis[5-(4-methylpiperazino)-1H-benzoimidazole-2-yl]-9-methyl-9H-carbazole']","2","6"
"102218320","9-methyl-3,6-bis[6-(4-methylpiperazin-1-yl)-1H-benzimidazol-2-yl]carbazole","CN1CCN(CC1)C2=CC3=C(C=C2)N=C(N3)C4=CC5=C(C=C4)N(C6=C5C=C(C=C6)C7=NC8=C(N7)C=C(C=C8)N9CCN(CC9)C)C","C37H39N9","609.8","['3,6-Bis[5-(4-methylpiperazino)-1H-benzoimidazole-2-yl]-9-methyl-9H-carbazole']","2","6"
"102218320","9-methyl-3,6-bis[6-(4-methylpiperazin-1-yl)-1H-benzimidazol-2-yl]carbazole","CN1CCN(CC1)C2=CC3=C(C=C2)N=C(N3)C4=CC5=C(C=C4)N(C6=C5C=C(C=C6)C7=NC8=C(N7)C=C(C=C8)N9CCN(CC9)C)C","C37H39N9","609.8","['3,6-Bis[5-(4-methylpiperazino)-1H-benzoimidazole-2-yl]-9-methyl-9H-carbazole']","2","6"
"102218320","9-methyl-3,6-bis[6-(4-methylpiperazin-1-yl)-1H-benzimidazol-2-yl]carbazole","CN1CCN(CC1)C2=CC3=C(C=C2)N=C(N3)C4=CC5=C(C=C4)N(C6=C5C=C(C=C6)C7=NC8=C(N7)C=C(C=C8)N9CCN(CC9)C)C","C37H39N9","609.8","['3,6-Bis[5-(4-methylpiperazino)-1H-benzoimidazole-2-yl]-9-methyl-9H-carbazole']","2","6"
"102218320","9-methyl-3,6-bis[6-(4-methylpiperazin-1-yl)-1H-benzimidazol-2-yl]carbazole","CN1CCN(CC1)C2=CC3=C(C=C2)N=C(N3)C4=CC5=C(C=C4)N(C6=C5C=C(C=C6)C7=NC8=C(N7)C=C(C=C8)N9CCN(CC9)C)C","C37H39N9","609.8","['3,6-Bis[5-(4-methylpiperazino)-1H-benzoimidazole-2-yl]-9-methyl-9H-carbazole']","2","6"
"102218320","9-methyl-3,6-bis[6-(4-methylpiperazin-1-yl)-1H-benzimidazol-2-yl]carbazole","CN1CCN(CC1)C2=CC3=C(C=C2)N=C(N3)C4=CC5=C(C=C4)N(C6=C5C=C(C=C6)C7=NC8=C(N7)C=C(C=C8)N9CCN(CC9)C)C","C37H39N9","609.8","['3,6-Bis[5-(4-methylpiperazino)-1H-benzoimidazole-2-yl]-9-methyl-9H-carbazole']","2","6"
"102218320","9-methyl-3,6-bis[6-(4-methylpiperazin-1-yl)-1H-benzimidazol-2-yl]carbazole","CN1CCN(CC1)C2=CC3=C(C=C2)N=C(N3)C4=CC5=C(C=C4)N(C6=C5C=C(C=C6)C7=NC8=C(N7)C=C(C=C8)N9CCN(CC9)C)C","C37H39N9","609.8","['3,6-Bis[5-(4-methylpiperazino)-1H-benzoimidazole-2-yl]-9-methyl-9H-carbazole']","2","6"
"122382156","7-(diethylamino)-3-[2-[2-[2-[7-(diethylamino)-2-oxochromen-3-yl]ethenyl]-1-methylpyridin-1-ium-4-yl]ethenyl]chromen-2-one","CCN(CC)C1=CC2=C(C=C1)C=C(C(=O)O2)C=CC3=CC(=[N+](C=C3)C)C=CC4=CC5=C(C=C(C=C5)N(CC)CC)OC4=O","C36H38N3O4+","576.7","['1-Methyl-2,4-bis[2-[2-oxo-7-(diethylamino)-2H-1-benzopyran-3-yl]ethenyl]pyridinium']","0","6"
"122382156","7-(diethylamino)-3-[2-[2-[2-[7-(diethylamino)-2-oxochromen-3-yl]ethenyl]-1-methylpyridin-1-ium-4-yl]ethenyl]chromen-2-one","CCN(CC)C1=CC2=C(C=C1)C=C(C(=O)O2)C=CC3=CC(=[N+](C=C3)C)C=CC4=CC5=C(C=C(C=C5)N(CC)CC)OC4=O","C36H38N3O4+","576.7","['1-Methyl-2,4-bis[2-[2-oxo-7-(diethylamino)-2H-1-benzopyran-3-yl]ethenyl]pyridinium']","0","6"
"122382156","7-(diethylamino)-3-[2-[2-[2-[7-(diethylamino)-2-oxochromen-3-yl]ethenyl]-1-methylpyridin-1-ium-4-yl]ethenyl]chromen-2-one","CCN(CC)C1=CC2=C(C=C1)C=C(C(=O)O2)C=CC3=CC(=[N+](C=C3)C)C=CC4=CC5=C(C=C(C=C5)N(CC)CC)OC4=O","C36H38N3O4+","576.7","['1-Methyl-2,4-bis[2-[2-oxo-7-(diethylamino)-2H-1-benzopyran-3-yl]ethenyl]pyridinium']","0","6"
"139239399","dichlorocopper;4-[4-(2-piperidin-1-ylethoxy)phenyl]-2,6-dipyridin-2-ylpyridine","C1CCN(CC1)CCOC2=CC=C(C=C2)C3=CC(=NC(=C3)C4=CC=CC=N4)C5=CC=CC=N5.Cl[Cu]Cl","C28H28Cl2CuN4O","571.0","[]","0","5"
"139239399","dichlorocopper;4-[4-(2-piperidin-1-ylethoxy)phenyl]-2,6-dipyridin-2-ylpyridine","C1CCN(CC1)CCOC2=CC=C(C=C2)C3=CC(=NC(=C3)C4=CC=CC=N4)C5=CC=CC=N5.Cl[Cu]Cl","C28H28Cl2CuN4O","571.0","[]","0","5"
"139239399","dichlorocopper;4-[4-(2-piperidin-1-ylethoxy)phenyl]-2,6-dipyridin-2-ylpyridine","C1CCN(CC1)CCOC2=CC=C(C=C2)C3=CC(=NC(=C3)C4=CC=CC=N4)C5=CC=CC=N5.Cl[Cu]Cl","C28H28Cl2CuN4O","571.0","[]","0","5"
"139239399","dichlorocopper;4-[4-(2-piperidin-1-ylethoxy)phenyl]-2,6-dipyridin-2-ylpyridine","C1CCN(CC1)CCOC2=CC=C(C=C2)C3=CC(=NC(=C3)C4=CC=CC=N4)C5=CC=CC=N5.Cl[Cu]Cl","C28H28Cl2CuN4O","571.0","[]","0","5"
"139239399","dichlorocopper;4-[4-(2-piperidin-1-ylethoxy)phenyl]-2,6-dipyridin-2-ylpyridine","C1CCN(CC1)CCOC2=CC=C(C=C2)C3=CC(=NC(=C3)C4=CC=CC=N4)C5=CC=CC=N5.Cl[Cu]Cl","C28H28Cl2CuN4O","571.0","[]","0","5"
"139239399","dichlorocopper;4-[4-(2-piperidin-1-ylethoxy)phenyl]-2,6-dipyridin-2-ylpyridine","C1CCN(CC1)CCOC2=CC=C(C=C2)C3=CC(=NC(=C3)C4=CC=CC=N4)C5=CC=CC=N5.Cl[Cu]Cl","C28H28Cl2CuN4O","571.0","[]","0","5"
"139239399","dichlorocopper;4-[4-(2-piperidin-1-ylethoxy)phenyl]-2,6-dipyridin-2-ylpyridine","C1CCN(CC1)CCOC2=CC=C(C=C2)C3=CC(=NC(=C3)C4=CC=CC=N4)C5=CC=CC=N5.Cl[Cu]Cl","C28H28Cl2CuN4O","571.0","[]","0","5"
"139239399","dichlorocopper;4-[4-(2-piperidin-1-ylethoxy)phenyl]-2,6-dipyridin-2-ylpyridine","C1CCN(CC1)CCOC2=CC=C(C=C2)C3=CC(=NC(=C3)C4=CC=CC=N4)C5=CC=CC=N5.Cl[Cu]Cl","C28H28Cl2CuN4O","571.0","[]","0","5"
"139239399","dichlorocopper;4-[4-(2-piperidin-1-ylethoxy)phenyl]-2,6-dipyridin-2-ylpyridine","C1CCN(CC1)CCOC2=CC=C(C=C2)C3=CC(=NC(=C3)C4=CC=CC=N4)C5=CC=CC=N5.Cl[Cu]Cl","C28H28Cl2CuN4O","571.0","[]","0","5"
"139239399","dichlorocopper;4-[4-(2-piperidin-1-ylethoxy)phenyl]-2,6-dipyridin-2-ylpyridine","C1CCN(CC1)CCOC2=CC=C(C=C2)C3=CC(=NC(=C3)C4=CC=CC=N4)C5=CC=CC=N5.Cl[Cu]Cl","C28H28Cl2CuN4O","571.0","[]","0","5"
"139239398","dichlorocopper;4-[2-[4-(2,6-dipyridin-2-ylpyridin-4-yl)phenoxy]ethyl]morpholine","C1COCCN1CCOC2=CC=C(C=C2)C3=CC(=NC(=C3)C4=CC=CC=N4)C5=CC=CC=N5.Cl[Cu]Cl","C27H26Cl2CuN4O2","573.0","[]","0","6"
"139239398","dichlorocopper;4-[2-[4-(2,6-dipyridin-2-ylpyridin-4-yl)phenoxy]ethyl]morpholine","C1COCCN1CCOC2=CC=C(C=C2)C3=CC(=NC(=C3)C4=CC=CC=N4)C5=CC=CC=N5.Cl[Cu]Cl","C27H26Cl2CuN4O2","573.0","[]","0","6"
"139239398","dichlorocopper;4-[2-[4-(2,6-dipyridin-2-ylpyridin-4-yl)phenoxy]ethyl]morpholine","C1COCCN1CCOC2=CC=C(C=C2)C3=CC(=NC(=C3)C4=CC=CC=N4)C5=CC=CC=N5.Cl[Cu]Cl","C27H26Cl2CuN4O2","573.0","[]","0","6"
"139239398","dichlorocopper;4-[2-[4-(2,6-dipyridin-2-ylpyridin-4-yl)phenoxy]ethyl]morpholine","C1COCCN1CCOC2=CC=C(C=C2)C3=CC(=NC(=C3)C4=CC=CC=N4)C5=CC=CC=N5.Cl[Cu]Cl","C27H26Cl2CuN4O2","573.0","[]","0","6"
"139239398","dichlorocopper;4-[2-[4-(2,6-dipyridin-2-ylpyridin-4-yl)phenoxy]ethyl]morpholine","C1COCCN1CCOC2=CC=C(C=C2)C3=CC(=NC(=C3)C4=CC=CC=N4)C5=CC=CC=N5.Cl[Cu]Cl","C27H26Cl2CuN4O2","573.0","[]","0","6"
"139239398","dichlorocopper;4-[2-[4-(2,6-dipyridin-2-ylpyridin-4-yl)phenoxy]ethyl]morpholine","C1COCCN1CCOC2=CC=C(C=C2)C3=CC(=NC(=C3)C4=CC=CC=N4)C5=CC=CC=N5.Cl[Cu]Cl","C27H26Cl2CuN4O2","573.0","[]","0","6"
"139239398","dichlorocopper;4-[2-[4-(2,6-dipyridin-2-ylpyridin-4-yl)phenoxy]ethyl]morpholine","C1COCCN1CCOC2=CC=C(C=C2)C3=CC(=NC(=C3)C4=CC=CC=N4)C5=CC=CC=N5.Cl[Cu]Cl","C27H26Cl2CuN4O2","573.0","[]","0","6"
"139239398","dichlorocopper;4-[2-[4-(2,6-dipyridin-2-ylpyridin-4-yl)phenoxy]ethyl]morpholine","C1COCCN1CCOC2=CC=C(C=C2)C3=CC(=NC(=C3)C4=CC=CC=N4)C5=CC=CC=N5.Cl[Cu]Cl","C27H26Cl2CuN4O2","573.0","[]","0","6"
"139239398","dichlorocopper;4-[2-[4-(2,6-dipyridin-2-ylpyridin-4-yl)phenoxy]ethyl]morpholine","C1COCCN1CCOC2=CC=C(C=C2)C3=CC(=NC(=C3)C4=CC=CC=N4)C5=CC=CC=N5.Cl[Cu]Cl","C27H26Cl2CuN4O2","573.0","[]","0","6"
"139239398","dichlorocopper;4-[2-[4-(2,6-dipyridin-2-ylpyridin-4-yl)phenoxy]ethyl]morpholine","C1COCCN1CCOC2=CC=C(C=C2)C3=CC(=NC(=C3)C4=CC=CC=N4)C5=CC=CC=N5.Cl[Cu]Cl","C27H26Cl2CuN4O2","573.0","[]","0","6"
"122206714","3-[2-[6-[2-(1H-indol-3-yl)ethenyl]-1-methylpyridin-1-ium-2-yl]ethenyl]-1H-indole","C[N+]1=C(C=CC=C1C=CC2=CNC3=CC=CC=C32)C=CC4=CNC5=CC=CC=C54","C26H22N3+","376.5","['2,6-Bis[(E)-2-(1H-indole-3-yl)vinyl]-1-methylpyridinium']","2","0"
"122206714","3-[2-[6-[2-(1H-indol-3-yl)ethenyl]-1-methylpyridin-1-ium-2-yl]ethenyl]-1H-indole","C[N+]1=C(C=CC=C1C=CC2=CNC3=CC=CC=C32)C=CC4=CNC5=CC=CC=C54","C26H22N3+","376.5","['2,6-Bis[(E)-2-(1H-indole-3-yl)vinyl]-1-methylpyridinium']","2","0"
"122206714","3-[2-[6-[2-(1H-indol-3-yl)ethenyl]-1-methylpyridin-1-ium-2-yl]ethenyl]-1H-indole","C[N+]1=C(C=CC=C1C=CC2=CNC3=CC=CC=C32)C=CC4=CNC5=CC=CC=C54","C26H22N3+","376.5","['2,6-Bis[(E)-2-(1H-indole-3-yl)vinyl]-1-methylpyridinium']","2","0"
"122206714","3-[2-[6-[2-(1H-indol-3-yl)ethenyl]-1-methylpyridin-1-ium-2-yl]ethenyl]-1H-indole","C[N+]1=C(C=CC=C1C=CC2=CNC3=CC=CC=C32)C=CC4=CNC5=CC=CC=C54","C26H22N3+","376.5","['2,6-Bis[(E)-2-(1H-indole-3-yl)vinyl]-1-methylpyridinium']","2","0"
"122206714","3-[2-[6-[2-(1H-indol-3-yl)ethenyl]-1-methylpyridin-1-ium-2-yl]ethenyl]-1H-indole","C[N+]1=C(C=CC=C1C=CC2=CNC3=CC=CC=C32)C=CC4=CNC5=CC=CC=C54","C26H22N3+","376.5","['2,6-Bis[(E)-2-(1H-indole-3-yl)vinyl]-1-methylpyridinium']","2","0"
"122206714","3-[2-[6-[2-(1H-indol-3-yl)ethenyl]-1-methylpyridin-1-ium-2-yl]ethenyl]-1H-indole","C[N+]1=C(C=CC=C1C=CC2=CNC3=CC=CC=C32)C=CC4=CNC5=CC=CC=C54","C26H22N3+","376.5","['2,6-Bis[(E)-2-(1H-indole-3-yl)vinyl]-1-methylpyridinium']","2","0"
"122206714","3-[2-[6-[2-(1H-indol-3-yl)ethenyl]-1-methylpyridin-1-ium-2-yl]ethenyl]-1H-indole","C[N+]1=C(C=CC=C1C=CC2=CNC3=CC=CC=C32)C=CC4=CNC5=CC=CC=C54","C26H22N3+","376.5","['2,6-Bis[(E)-2-(1H-indole-3-yl)vinyl]-1-methylpyridinium']","2","0"
"122206714","3-[2-[6-[2-(1H-indol-3-yl)ethenyl]-1-methylpyridin-1-ium-2-yl]ethenyl]-1H-indole","C[N+]1=C(C=CC=C1C=CC2=CNC3=CC=CC=C32)C=CC4=CNC5=CC=CC=C54","C26H22N3+","376.5","['2,6-Bis[(E)-2-(1H-indole-3-yl)vinyl]-1-methylpyridinium']","2","0"
"122206714","3-[2-[6-[2-(1H-indol-3-yl)ethenyl]-1-methylpyridin-1-ium-2-yl]ethenyl]-1H-indole","C[N+]1=C(C=CC=C1C=CC2=CNC3=CC=CC=C32)C=CC4=CNC5=CC=CC=C54","C26H22N3+","376.5","['2,6-Bis[(E)-2-(1H-indole-3-yl)vinyl]-1-methylpyridinium']","2","0"
"122206714","3-[2-[6-[2-(1H-indol-3-yl)ethenyl]-1-methylpyridin-1-ium-2-yl]ethenyl]-1H-indole","C[N+]1=C(C=CC=C1C=CC2=CNC3=CC=CC=C32)C=CC4=CNC5=CC=CC=C54","C26H22N3+","376.5","['2,6-Bis[(E)-2-(1H-indole-3-yl)vinyl]-1-methylpyridinium']","2","0"
"122206714","3-[2-[6-[2-(1H-indol-3-yl)ethenyl]-1-methylpyridin-1-ium-2-yl]ethenyl]-1H-indole","C[N+]1=C(C=CC=C1C=CC2=CNC3=CC=CC=C32)C=CC4=CNC5=CC=CC=C54","C26H22N3+","376.5","['2,6-Bis[(E)-2-(1H-indole-3-yl)vinyl]-1-methylpyridinium']","2","0"
"122206714","3-[2-[6-[2-(1H-indol-3-yl)ethenyl]-1-methylpyridin-1-ium-2-yl]ethenyl]-1H-indole","C[N+]1=C(C=CC=C1C=CC2=CNC3=CC=CC=C32)C=CC4=CNC5=CC=CC=C54","C26H22N3+","376.5","['2,6-Bis[(E)-2-(1H-indole-3-yl)vinyl]-1-methylpyridinium']","2","0"
"122206714","3-[2-[6-[2-(1H-indol-3-yl)ethenyl]-1-methylpyridin-1-ium-2-yl]ethenyl]-1H-indole","C[N+]1=C(C=CC=C1C=CC2=CNC3=CC=CC=C32)C=CC4=CNC5=CC=CC=C54","C26H22N3+","376.5","['2,6-Bis[(E)-2-(1H-indole-3-yl)vinyl]-1-methylpyridinium']","2","0"
"122367972","5-methyl-11-[[3-(3-morpholin-4-ylpropyl)-1,3-benzothiazol-3-ium-2-yl]methylidene]-[1]benzofuro[3,2-b]quinoline","CN1C2=CC=CC=C2C(=CC3=[N+](C4=CC=CC=C4S3)CCCN5CCOCC5)C6=C1C7=CC=CC=C7O6","C31H30N3O2S+","508.7","['5-Methyl-11-[[3-(3-morpholinopropyl)benzothiazole-2(3H)-ylidene]methyl]benzofuro[3,2-b]quinoline-5-ium']","0","5"
"122367972","5-methyl-11-[[3-(3-morpholin-4-ylpropyl)-1,3-benzothiazol-3-ium-2-yl]methylidene]-[1]benzofuro[3,2-b]quinoline","CN1C2=CC=CC=C2C(=CC3=[N+](C4=CC=CC=C4S3)CCCN5CCOCC5)C6=C1C7=CC=CC=C7O6","C31H30N3O2S+","508.7","['5-Methyl-11-[[3-(3-morpholinopropyl)benzothiazole-2(3H)-ylidene]methyl]benzofuro[3,2-b]quinoline-5-ium']","0","5"
"122367972","5-methyl-11-[[3-(3-morpholin-4-ylpropyl)-1,3-benzothiazol-3-ium-2-yl]methylidene]-[1]benzofuro[3,2-b]quinoline","CN1C2=CC=CC=C2C(=CC3=[N+](C4=CC=CC=C4S3)CCCN5CCOCC5)C6=C1C7=CC=CC=C7O6","C31H30N3O2S+","508.7","['5-Methyl-11-[[3-(3-morpholinopropyl)benzothiazole-2(3H)-ylidene]methyl]benzofuro[3,2-b]quinoline-5-ium']","0","5"
"122367972","5-methyl-11-[[3-(3-morpholin-4-ylpropyl)-1,3-benzothiazol-3-ium-2-yl]methylidene]-[1]benzofuro[3,2-b]quinoline","CN1C2=CC=CC=C2C(=CC3=[N+](C4=CC=CC=C4S3)CCCN5CCOCC5)C6=C1C7=CC=CC=C7O6","C31H30N3O2S+","508.7","['5-Methyl-11-[[3-(3-morpholinopropyl)benzothiazole-2(3H)-ylidene]methyl]benzofuro[3,2-b]quinoline-5-ium']","0","5"
"122367972","5-methyl-11-[[3-(3-morpholin-4-ylpropyl)-1,3-benzothiazol-3-ium-2-yl]methylidene]-[1]benzofuro[3,2-b]quinoline","CN1C2=CC=CC=C2C(=CC3=[N+](C4=CC=CC=C4S3)CCCN5CCOCC5)C6=C1C7=CC=CC=C7O6","C31H30N3O2S+","508.7","['5-Methyl-11-[[3-(3-morpholinopropyl)benzothiazole-2(3H)-ylidene]methyl]benzofuro[3,2-b]quinoline-5-ium']","0","5"
"122367970","5-methyl-11-[[3-(3-pyrrolidin-1-ylpropyl)-1,3-benzothiazol-3-ium-2-yl]methylidene]-[1]benzofuro[3,2-b]quinoline","CN1C2=CC=CC=C2C(=CC3=[N+](C4=CC=CC=C4S3)CCCN5CCCC5)C6=C1C7=CC=CC=C7O6","C31H30N3OS+","492.7","['5-Methyl-11-[[3-(3-pyrrolizinopropyl)benzothiazole-2(3H)-ylidene]methyl]benzofuro[3,2-b]quinoline-5-ium']","0","4"
"122367970","5-methyl-11-[[3-(3-pyrrolidin-1-ylpropyl)-1,3-benzothiazol-3-ium-2-yl]methylidene]-[1]benzofuro[3,2-b]quinoline","CN1C2=CC=CC=C2C(=CC3=[N+](C4=CC=CC=C4S3)CCCN5CCCC5)C6=C1C7=CC=CC=C7O6","C31H30N3OS+","492.7","['5-Methyl-11-[[3-(3-pyrrolizinopropyl)benzothiazole-2(3H)-ylidene]methyl]benzofuro[3,2-b]quinoline-5-ium']","0","4"
"122367970","5-methyl-11-[[3-(3-pyrrolidin-1-ylpropyl)-1,3-benzothiazol-3-ium-2-yl]methylidene]-[1]benzofuro[3,2-b]quinoline","CN1C2=CC=CC=C2C(=CC3=[N+](C4=CC=CC=C4S3)CCCN5CCCC5)C6=C1C7=CC=CC=C7O6","C31H30N3OS+","492.7","['5-Methyl-11-[[3-(3-pyrrolizinopropyl)benzothiazole-2(3H)-ylidene]methyl]benzofuro[3,2-b]quinoline-5-ium']","0","4"
"122367970","5-methyl-11-[[3-(3-pyrrolidin-1-ylpropyl)-1,3-benzothiazol-3-ium-2-yl]methylidene]-[1]benzofuro[3,2-b]quinoline","CN1C2=CC=CC=C2C(=CC3=[N+](C4=CC=CC=C4S3)CCCN5CCCC5)C6=C1C7=CC=CC=C7O6","C31H30N3OS+","492.7","['5-Methyl-11-[[3-(3-pyrrolizinopropyl)benzothiazole-2(3H)-ylidene]methyl]benzofuro[3,2-b]quinoline-5-ium']","0","4"
"122367970","5-methyl-11-[[3-(3-pyrrolidin-1-ylpropyl)-1,3-benzothiazol-3-ium-2-yl]methylidene]-[1]benzofuro[3,2-b]quinoline","CN1C2=CC=CC=C2C(=CC3=[N+](C4=CC=CC=C4S3)CCCN5CCCC5)C6=C1C7=CC=CC=C7O6","C31H30N3OS+","492.7","['5-Methyl-11-[[3-(3-pyrrolizinopropyl)benzothiazole-2(3H)-ylidene]methyl]benzofuro[3,2-b]quinoline-5-ium']","0","4"
"122367971","5-methyl-11-[[3-(3-piperidin-1-ylpropyl)-1,3-benzothiazol-3-ium-2-yl]methylidene]-[1]benzofuro[3,2-b]quinoline","CN1C2=CC=CC=C2C(=CC3=[N+](C4=CC=CC=C4S3)CCCN5CCCCC5)C6=C1C7=CC=CC=C7O6","C32H32N3OS+","506.7","['5-Methyl-11-[[3-(3-piperidinopropyl)benzothiazole-2(3H)-ylidene]methyl]benzofuro[3,2-b]quinoline-5-ium']","0","4"
"122367971","5-methyl-11-[[3-(3-piperidin-1-ylpropyl)-1,3-benzothiazol-3-ium-2-yl]methylidene]-[1]benzofuro[3,2-b]quinoline","CN1C2=CC=CC=C2C(=CC3=[N+](C4=CC=CC=C4S3)CCCN5CCCCC5)C6=C1C7=CC=CC=C7O6","C32H32N3OS+","506.7","['5-Methyl-11-[[3-(3-piperidinopropyl)benzothiazole-2(3H)-ylidene]methyl]benzofuro[3,2-b]quinoline-5-ium']","0","4"
"122367971","5-methyl-11-[[3-(3-piperidin-1-ylpropyl)-1,3-benzothiazol-3-ium-2-yl]methylidene]-[1]benzofuro[3,2-b]quinoline","CN1C2=CC=CC=C2C(=CC3=[N+](C4=CC=CC=C4S3)CCCN5CCCCC5)C6=C1C7=CC=CC=C7O6","C32H32N3OS+","506.7","['5-Methyl-11-[[3-(3-piperidinopropyl)benzothiazole-2(3H)-ylidene]methyl]benzofuro[3,2-b]quinoline-5-ium']","0","4"
"122367971","5-methyl-11-[[3-(3-piperidin-1-ylpropyl)-1,3-benzothiazol-3-ium-2-yl]methylidene]-[1]benzofuro[3,2-b]quinoline","CN1C2=CC=CC=C2C(=CC3=[N+](C4=CC=CC=C4S3)CCCN5CCCCC5)C6=C1C7=CC=CC=C7O6","C32H32N3OS+","506.7","['5-Methyl-11-[[3-(3-piperidinopropyl)benzothiazole-2(3H)-ylidene]methyl]benzofuro[3,2-b]quinoline-5-ium']","0","4"
"122367971","5-methyl-11-[[3-(3-piperidin-1-ylpropyl)-1,3-benzothiazol-3-ium-2-yl]methylidene]-[1]benzofuro[3,2-b]quinoline","CN1C2=CC=CC=C2C(=CC3=[N+](C4=CC=CC=C4S3)CCCN5CCCCC5)C6=C1C7=CC=CC=C7O6","C32H32N3OS+","506.7","['5-Methyl-11-[[3-(3-piperidinopropyl)benzothiazole-2(3H)-ylidene]methyl]benzofuro[3,2-b]quinoline-5-ium']","0","4"
"122367971","5-methyl-11-[[3-(3-piperidin-1-ylpropyl)-1,3-benzothiazol-3-ium-2-yl]methylidene]-[1]benzofuro[3,2-b]quinoline","CN1C2=CC=CC=C2C(=CC3=[N+](C4=CC=CC=C4S3)CCCN5CCCCC5)C6=C1C7=CC=CC=C7O6","C32H32N3OS+","506.7","['5-Methyl-11-[[3-(3-piperidinopropyl)benzothiazole-2(3H)-ylidene]methyl]benzofuro[3,2-b]quinoline-5-ium']","0","4"
"122367973","5-methyl-11-[[3-[3-(4-methylpiperidin-1-yl)propyl]-1,3-benzothiazol-3-ium-2-yl]methylidene]-[1]benzofuro[3,2-b]quinoline","CC1CCN(CC1)CCC[N+]2=C(SC3=CC=CC=C32)C=C4C5=CC=CC=C5N(C6=C4OC7=CC=CC=C76)C","C33H34N3OS+","520.7","['5-Methyl-11-[[3-[3-(4-methyl-1-piperidinyl)propyl]benzothiazole-2(3H)-ylidene]methyl]benzofuro[3,2-b]quinoline-5-ium']","0","4"
"122367973","5-methyl-11-[[3-[3-(4-methylpiperidin-1-yl)propyl]-1,3-benzothiazol-3-ium-2-yl]methylidene]-[1]benzofuro[3,2-b]quinoline","CC1CCN(CC1)CCC[N+]2=C(SC3=CC=CC=C32)C=C4C5=CC=CC=C5N(C6=C4OC7=CC=CC=C76)C","C33H34N3OS+","520.7","['5-Methyl-11-[[3-[3-(4-methyl-1-piperidinyl)propyl]benzothiazole-2(3H)-ylidene]methyl]benzofuro[3,2-b]quinoline-5-ium']","0","4"
"122367973","5-methyl-11-[[3-[3-(4-methylpiperidin-1-yl)propyl]-1,3-benzothiazol-3-ium-2-yl]methylidene]-[1]benzofuro[3,2-b]quinoline","CC1CCN(CC1)CCC[N+]2=C(SC3=CC=CC=C32)C=C4C5=CC=CC=C5N(C6=C4OC7=CC=CC=C76)C","C33H34N3OS+","520.7","['5-Methyl-11-[[3-[3-(4-methyl-1-piperidinyl)propyl]benzothiazole-2(3H)-ylidene]methyl]benzofuro[3,2-b]quinoline-5-ium']","0","4"
"122367973","5-methyl-11-[[3-[3-(4-methylpiperidin-1-yl)propyl]-1,3-benzothiazol-3-ium-2-yl]methylidene]-[1]benzofuro[3,2-b]quinoline","CC1CCN(CC1)CCC[N+]2=C(SC3=CC=CC=C32)C=C4C5=CC=CC=C5N(C6=C4OC7=CC=CC=C76)C","C33H34N3OS+","520.7","['5-Methyl-11-[[3-[3-(4-methyl-1-piperidinyl)propyl]benzothiazole-2(3H)-ylidene]methyl]benzofuro[3,2-b]quinoline-5-ium']","0","4"
"122367973","5-methyl-11-[[3-[3-(4-methylpiperidin-1-yl)propyl]-1,3-benzothiazol-3-ium-2-yl]methylidene]-[1]benzofuro[3,2-b]quinoline","CC1CCN(CC1)CCC[N+]2=C(SC3=CC=CC=C32)C=C4C5=CC=CC=C5N(C6=C4OC7=CC=CC=C76)C","C33H34N3OS+","520.7","['5-Methyl-11-[[3-[3-(4-methyl-1-piperidinyl)propyl]benzothiazole-2(3H)-ylidene]methyl]benzofuro[3,2-b]quinoline-5-ium']","0","4"
"122367975","N,N-diethyl-3-[2-[(5-methyl-[1]benzofuro[3,2-b]quinolin-11-ylidene)methyl]-1,3-benzothiazol-3-ium-3-yl]propan-1-amine","CCN(CC)CCC[N+]1=C(SC2=CC=CC=C21)C=C3C4=CC=CC=C4N(C5=C3OC6=CC=CC=C65)C","C31H32N3OS+","494.7","['5-Methyl-11-[[3-[3-(diethylamino)propyl]benzothiazole-2(3H)-ylidene]methyl]benzofuro[3,2-b]quinoline-5-ium']","0","4"
"122367975","N,N-diethyl-3-[2-[(5-methyl-[1]benzofuro[3,2-b]quinolin-11-ylidene)methyl]-1,3-benzothiazol-3-ium-3-yl]propan-1-amine","CCN(CC)CCC[N+]1=C(SC2=CC=CC=C21)C=C3C4=CC=CC=C4N(C5=C3OC6=CC=CC=C65)C","C31H32N3OS+","494.7","['5-Methyl-11-[[3-[3-(diethylamino)propyl]benzothiazole-2(3H)-ylidene]methyl]benzofuro[3,2-b]quinoline-5-ium']","0","4"
"122367975","N,N-diethyl-3-[2-[(5-methyl-[1]benzofuro[3,2-b]quinolin-11-ylidene)methyl]-1,3-benzothiazol-3-ium-3-yl]propan-1-amine","CCN(CC)CCC[N+]1=C(SC2=CC=CC=C21)C=C3C4=CC=CC=C4N(C5=C3OC6=CC=CC=C65)C","C31H32N3OS+","494.7","['5-Methyl-11-[[3-[3-(diethylamino)propyl]benzothiazole-2(3H)-ylidene]methyl]benzofuro[3,2-b]quinoline-5-ium']","0","4"
"122367975","N,N-diethyl-3-[2-[(5-methyl-[1]benzofuro[3,2-b]quinolin-11-ylidene)methyl]-1,3-benzothiazol-3-ium-3-yl]propan-1-amine","CCN(CC)CCC[N+]1=C(SC2=CC=CC=C21)C=C3C4=CC=CC=C4N(C5=C3OC6=CC=CC=C65)C","C31H32N3OS+","494.7","['5-Methyl-11-[[3-[3-(diethylamino)propyl]benzothiazole-2(3H)-ylidene]methyl]benzofuro[3,2-b]quinoline-5-ium']","0","4"
"122367975","N,N-diethyl-3-[2-[(5-methyl-[1]benzofuro[3,2-b]quinolin-11-ylidene)methyl]-1,3-benzothiazol-3-ium-3-yl]propan-1-amine","CCN(CC)CCC[N+]1=C(SC2=CC=CC=C21)C=C3C4=CC=CC=C4N(C5=C3OC6=CC=CC=C65)C","C31H32N3OS+","494.7","['5-Methyl-11-[[3-[3-(diethylamino)propyl]benzothiazole-2(3H)-ylidene]methyl]benzofuro[3,2-b]quinoline-5-ium']","0","4"
"122367974","3-[2-[(5-methyl-[1]benzofuro[3,2-b]quinolin-11-ylidene)methyl]-1,3-benzothiazol-3-ium-3-yl]-N,N-dipropylpropan-1-amine","CCCN(CCC)CCC[N+]1=C(SC2=CC=CC=C21)C=C3C4=CC=CC=C4N(C5=C3OC6=CC=CC=C65)C","C33H36N3OS+","522.7","['5-Methyl-11-[[3-[3-(dipropylamino)propyl]benzothiazole-2(3H)-ylidene]methyl]benzofuro[3,2-b]quinoline-5-ium']","0","4"
"122367974","3-[2-[(5-methyl-[1]benzofuro[3,2-b]quinolin-11-ylidene)methyl]-1,3-benzothiazol-3-ium-3-yl]-N,N-dipropylpropan-1-amine","CCCN(CCC)CCC[N+]1=C(SC2=CC=CC=C21)C=C3C4=CC=CC=C4N(C5=C3OC6=CC=CC=C65)C","C33H36N3OS+","522.7","['5-Methyl-11-[[3-[3-(dipropylamino)propyl]benzothiazole-2(3H)-ylidene]methyl]benzofuro[3,2-b]quinoline-5-ium']","0","4"
"122367974","3-[2-[(5-methyl-[1]benzofuro[3,2-b]quinolin-11-ylidene)methyl]-1,3-benzothiazol-3-ium-3-yl]-N,N-dipropylpropan-1-amine","CCCN(CCC)CCC[N+]1=C(SC2=CC=CC=C21)C=C3C4=CC=CC=C4N(C5=C3OC6=CC=CC=C65)C","C33H36N3OS+","522.7","['5-Methyl-11-[[3-[3-(dipropylamino)propyl]benzothiazole-2(3H)-ylidene]methyl]benzofuro[3,2-b]quinoline-5-ium']","0","4"
"122367974","3-[2-[(5-methyl-[1]benzofuro[3,2-b]quinolin-11-ylidene)methyl]-1,3-benzothiazol-3-ium-3-yl]-N,N-dipropylpropan-1-amine","CCCN(CCC)CCC[N+]1=C(SC2=CC=CC=C21)C=C3C4=CC=CC=C4N(C5=C3OC6=CC=CC=C65)C","C33H36N3OS+","522.7","['5-Methyl-11-[[3-[3-(dipropylamino)propyl]benzothiazole-2(3H)-ylidene]methyl]benzofuro[3,2-b]quinoline-5-ium']","0","4"
"122367974","3-[2-[(5-methyl-[1]benzofuro[3,2-b]quinolin-11-ylidene)methyl]-1,3-benzothiazol-3-ium-3-yl]-N,N-dipropylpropan-1-amine","CCCN(CCC)CCC[N+]1=C(SC2=CC=CC=C21)C=C3C4=CC=CC=C4N(C5=C3OC6=CC=CC=C65)C","C33H36N3OS+","522.7","['5-Methyl-11-[[3-[3-(dipropylamino)propyl]benzothiazole-2(3H)-ylidene]methyl]benzofuro[3,2-b]quinoline-5-ium']","0","4"
"15938970","[[(2R,3S,4R,5R)-5-(6-aminopurin-9-yl)-3,4-dihydroxyoxolan-2-yl]methoxy-oxidophosphoryl] [(2R,3S,4S)-5-(7,8-dimethyl-2,4-dioxobenzo[g]pteridin-10-yl)-2,3,4-trihydroxypentyl] phosphate","CC1=CC2=C(C=C1C)N(C3=NC(=O)NC(=O)C3=N2)C[C@@H]([C@@H]([C@@H](COP(=O)([O-])OP(=O)([O-])OC[C@@H]4[C@H]([C@H]([C@@H](O4)N5C=NC6=C(N=CN=C65)N)O)O)O)O)O","C27H31N9O15P2-2","783.5","['Flavine-adenine dinucleotide', 'NCGC00167573-01', 'nchembio867-comp13', '[[(2R,3S,4R,5R)-5-(6-aminopurin-9-yl)-3,4-dihydroxyoxolan-2-yl]methoxy-oxidophosphoryl] [(2R,3S,4S)-5-(7,8-dimethyl-2,4-dioxobenzo[g]pteridin-10-yl)-2,3,4-trihydroxypentyl] phosphate']","7","20"
"15938970","[[(2R,3S,4R,5R)-5-(6-aminopurin-9-yl)-3,4-dihydroxyoxolan-2-yl]methoxy-oxidophosphoryl] [(2R,3S,4S)-5-(7,8-dimethyl-2,4-dioxobenzo[g]pteridin-10-yl)-2,3,4-trihydroxypentyl] phosphate","CC1=CC2=C(C=C1C)N(C3=NC(=O)NC(=O)C3=N2)C[C@@H]([C@@H]([C@@H](COP(=O)([O-])OP(=O)([O-])OC[C@@H]4[C@H]([C@H]([C@@H](O4)N5C=NC6=C(N=CN=C65)N)O)O)O)O)O","C27H31N9O15P2-2","783.5","['Flavine-adenine dinucleotide', 'NCGC00167573-01', 'nchembio867-comp13', '[[(2R,3S,4R,5R)-5-(6-aminopurin-9-yl)-3,4-dihydroxyoxolan-2-yl]methoxy-oxidophosphoryl] [(2R,3S,4S)-5-(7,8-dimethyl-2,4-dioxobenzo[g]pteridin-10-yl)-2,3,4-trihydroxypentyl] phosphate']","7","20"
"15938970","[[(2R,3S,4R,5R)-5-(6-aminopurin-9-yl)-3,4-dihydroxyoxolan-2-yl]methoxy-oxidophosphoryl] [(2R,3S,4S)-5-(7,8-dimethyl-2,4-dioxobenzo[g]pteridin-10-yl)-2,3,4-trihydroxypentyl] phosphate","CC1=CC2=C(C=C1C)N(C3=NC(=O)NC(=O)C3=N2)C[C@@H]([C@@H]([C@@H](COP(=O)([O-])OP(=O)([O-])OC[C@@H]4[C@H]([C@H]([C@@H](O4)N5C=NC6=C(N=CN=C65)N)O)O)O)O)O","C27H31N9O15P2-2","783.5","['Flavine-adenine dinucleotide', 'NCGC00167573-01', 'nchembio867-comp13', '[[(2R,3S,4R,5R)-5-(6-aminopurin-9-yl)-3,4-dihydroxyoxolan-2-yl]methoxy-oxidophosphoryl] [(2R,3S,4S)-5-(7,8-dimethyl-2,4-dioxobenzo[g]pteridin-10-yl)-2,3,4-trihydroxypentyl] phosphate']","7","20"
"15938970","[[(2R,3S,4R,5R)-5-(6-aminopurin-9-yl)-3,4-dihydroxyoxolan-2-yl]methoxy-oxidophosphoryl] [(2R,3S,4S)-5-(7,8-dimethyl-2,4-dioxobenzo[g]pteridin-10-yl)-2,3,4-trihydroxypentyl] phosphate","CC1=CC2=C(C=C1C)N(C3=NC(=O)NC(=O)C3=N2)C[C@@H]([C@@H]([C@@H](COP(=O)([O-])OP(=O)([O-])OC[C@@H]4[C@H]([C@H]([C@@H](O4)N5C=NC6=C(N=CN=C65)N)O)O)O)O)O","C27H31N9O15P2-2","783.5","['Flavine-adenine dinucleotide', 'NCGC00167573-01', 'nchembio867-comp13', '[[(2R,3S,4R,5R)-5-(6-aminopurin-9-yl)-3,4-dihydroxyoxolan-2-yl]methoxy-oxidophosphoryl] [(2R,3S,4S)-5-(7,8-dimethyl-2,4-dioxobenzo[g]pteridin-10-yl)-2,3,4-trihydroxypentyl] phosphate']","7","20"
"15938970","[[(2R,3S,4R,5R)-5-(6-aminopurin-9-yl)-3,4-dihydroxyoxolan-2-yl]methoxy-oxidophosphoryl] [(2R,3S,4S)-5-(7,8-dimethyl-2,4-dioxobenzo[g]pteridin-10-yl)-2,3,4-trihydroxypentyl] phosphate","CC1=CC2=C(C=C1C)N(C3=NC(=O)NC(=O)C3=N2)C[C@@H]([C@@H]([C@@H](COP(=O)([O-])OP(=O)([O-])OC[C@@H]4[C@H]([C@H]([C@@H](O4)N5C=NC6=C(N=CN=C65)N)O)O)O)O)O","C27H31N9O15P2-2","783.5","['Flavine-adenine dinucleotide', 'NCGC00167573-01', 'nchembio867-comp13', '[[(2R,3S,4R,5R)-5-(6-aminopurin-9-yl)-3,4-dihydroxyoxolan-2-yl]methoxy-oxidophosphoryl] [(2R,3S,4S)-5-(7,8-dimethyl-2,4-dioxobenzo[g]pteridin-10-yl)-2,3,4-trihydroxypentyl] phosphate']","7","20"
"15938970","[[(2R,3S,4R,5R)-5-(6-aminopurin-9-yl)-3,4-dihydroxyoxolan-2-yl]methoxy-oxidophosphoryl] [(2R,3S,4S)-5-(7,8-dimethyl-2,4-dioxobenzo[g]pteridin-10-yl)-2,3,4-trihydroxypentyl] phosphate","CC1=CC2=C(C=C1C)N(C3=NC(=O)NC(=O)C3=N2)C[C@@H]([C@@H]([C@@H](COP(=O)([O-])OP(=O)([O-])OC[C@@H]4[C@H]([C@H]([C@@H](O4)N5C=NC6=C(N=CN=C65)N)O)O)O)O)O","C27H31N9O15P2-2","783.5","['Flavine-adenine dinucleotide', 'NCGC00167573-01', 'nchembio867-comp13', '[[(2R,3S,4R,5R)-5-(6-aminopurin-9-yl)-3,4-dihydroxyoxolan-2-yl]methoxy-oxidophosphoryl] [(2R,3S,4S)-5-(7,8-dimethyl-2,4-dioxobenzo[g]pteridin-10-yl)-2,3,4-trihydroxypentyl] phosphate']","7","20"
"15938970","[[(2R,3S,4R,5R)-5-(6-aminopurin-9-yl)-3,4-dihydroxyoxolan-2-yl]methoxy-oxidophosphoryl] [(2R,3S,4S)-5-(7,8-dimethyl-2,4-dioxobenzo[g]pteridin-10-yl)-2,3,4-trihydroxypentyl] phosphate","CC1=CC2=C(C=C1C)N(C3=NC(=O)NC(=O)C3=N2)C[C@@H]([C@@H]([C@@H](COP(=O)([O-])OP(=O)([O-])OC[C@@H]4[C@H]([C@H]([C@@H](O4)N5C=NC6=C(N=CN=C65)N)O)O)O)O)O","C27H31N9O15P2-2","783.5","['Flavine-adenine dinucleotide', 'NCGC00167573-01', 'nchembio867-comp13', '[[(2R,3S,4R,5R)-5-(6-aminopurin-9-yl)-3,4-dihydroxyoxolan-2-yl]methoxy-oxidophosphoryl] [(2R,3S,4S)-5-(7,8-dimethyl-2,4-dioxobenzo[g]pteridin-10-yl)-2,3,4-trihydroxypentyl] phosphate']","7","20"
"139163205","copper;2-[(E)-(dibenzylcarbamoylhydrazinylidene)methyl]-5-hydroxyphenolate;pyridine;nitrate","C1=CC=C(C=C1)CN(CC2=CC=CC=C2)C(=O)N/N=C/C3=C(C=C(C=C3)O)[O-].C1=CC=NC=C1.[N+](=O)([O-])[O-].[Cu+2]","C27H25CuN5O6","579.1","[]","2","8"
"139163205","copper;2-[(E)-(dibenzylcarbamoylhydrazinylidene)methyl]-5-hydroxyphenolate;pyridine;nitrate","C1=CC=C(C=C1)CN(CC2=CC=CC=C2)C(=O)N/N=C/C3=C(C=C(C=C3)O)[O-].C1=CC=NC=C1.[N+](=O)([O-])[O-].[Cu+2]","C27H25CuN5O6","579.1","[]","2","8"
"139163205","copper;2-[(E)-(dibenzylcarbamoylhydrazinylidene)methyl]-5-hydroxyphenolate;pyridine;nitrate","C1=CC=C(C=C1)CN(CC2=CC=CC=C2)C(=O)N/N=C/C3=C(C=C(C=C3)O)[O-].C1=CC=NC=C1.[N+](=O)([O-])[O-].[Cu+2]","C27H25CuN5O6","579.1","[]","2","8"
"139163205","copper;2-[(E)-(dibenzylcarbamoylhydrazinylidene)methyl]-5-hydroxyphenolate;pyridine;nitrate","C1=CC=C(C=C1)CN(CC2=CC=CC=C2)C(=O)N/N=C/C3=C(C=C(C=C3)O)[O-].C1=CC=NC=C1.[N+](=O)([O-])[O-].[Cu+2]","C27H25CuN5O6","579.1","[]","2","8"
"139163205","copper;2-[(E)-(dibenzylcarbamoylhydrazinylidene)methyl]-5-hydroxyphenolate;pyridine;nitrate","C1=CC=C(C=C1)CN(CC2=CC=CC=C2)C(=O)N/N=C/C3=C(C=C(C=C3)O)[O-].C1=CC=NC=C1.[N+](=O)([O-])[O-].[Cu+2]","C27H25CuN5O6","579.1","[]","2","8"
"139163205","copper;2-[(E)-(dibenzylcarbamoylhydrazinylidene)methyl]-5-hydroxyphenolate;pyridine;nitrate","C1=CC=C(C=C1)CN(CC2=CC=CC=C2)C(=O)N/N=C/C3=C(C=C(C=C3)O)[O-].C1=CC=NC=C1.[N+](=O)([O-])[O-].[Cu+2]","C27H25CuN5O6","579.1","[]","2","8"
"139163205","copper;2-[(E)-(dibenzylcarbamoylhydrazinylidene)methyl]-5-hydroxyphenolate;pyridine;nitrate","C1=CC=C(C=C1)CN(CC2=CC=CC=C2)C(=O)N/N=C/C3=C(C=C(C=C3)O)[O-].C1=CC=NC=C1.[N+](=O)([O-])[O-].[Cu+2]","C27H25CuN5O6","579.1","[]","2","8"
"139163205","copper;2-[(E)-(dibenzylcarbamoylhydrazinylidene)methyl]-5-hydroxyphenolate;pyridine;nitrate","C1=CC=C(C=C1)CN(CC2=CC=CC=C2)C(=O)N/N=C/C3=C(C=C(C=C3)O)[O-].C1=CC=NC=C1.[N+](=O)([O-])[O-].[Cu+2]","C27H25CuN5O6","579.1","[]","2","8"
"139163205","copper;2-[(E)-(dibenzylcarbamoylhydrazinylidene)methyl]-5-hydroxyphenolate;pyridine;nitrate","C1=CC=C(C=C1)CN(CC2=CC=CC=C2)C(=O)N/N=C/C3=C(C=C(C=C3)O)[O-].C1=CC=NC=C1.[N+](=O)([O-])[O-].[Cu+2]","C27H25CuN5O6","579.1","[]","2","8"
"139163205","copper;2-[(E)-(dibenzylcarbamoylhydrazinylidene)methyl]-5-hydroxyphenolate;pyridine;nitrate","C1=CC=C(C=C1)CN(CC2=CC=CC=C2)C(=O)N/N=C/C3=C(C=C(C=C3)O)[O-].C1=CC=NC=C1.[N+](=O)([O-])[O-].[Cu+2]","C27H25CuN5O6","579.1","[]","2","8"
"139163205","copper;2-[(E)-(dibenzylcarbamoylhydrazinylidene)methyl]-5-hydroxyphenolate;pyridine;nitrate","C1=CC=C(C=C1)CN(CC2=CC=CC=C2)C(=O)N/N=C/C3=C(C=C(C=C3)O)[O-].C1=CC=NC=C1.[N+](=O)([O-])[O-].[Cu+2]","C27H25CuN5O6","579.1","[]","2","8"
"139163205","copper;2-[(E)-(dibenzylcarbamoylhydrazinylidene)methyl]-5-hydroxyphenolate;pyridine;nitrate","C1=CC=C(C=C1)CN(CC2=CC=CC=C2)C(=O)N/N=C/C3=C(C=C(C=C3)O)[O-].C1=CC=NC=C1.[N+](=O)([O-])[O-].[Cu+2]","C27H25CuN5O6","579.1","[]","2","8"
"139163205","copper;2-[(E)-(dibenzylcarbamoylhydrazinylidene)methyl]-5-hydroxyphenolate;pyridine;nitrate","C1=CC=C(C=C1)CN(CC2=CC=CC=C2)C(=O)N/N=C/C3=C(C=C(C=C3)O)[O-].C1=CC=NC=C1.[N+](=O)([O-])[O-].[Cu+2]","C27H25CuN5O6","579.1","[]","2","8"
"139163205","copper;2-[(E)-(dibenzylcarbamoylhydrazinylidene)methyl]-5-hydroxyphenolate;pyridine;nitrate","C1=CC=C(C=C1)CN(CC2=CC=CC=C2)C(=O)N/N=C/C3=C(C=C(C=C3)O)[O-].C1=CC=NC=C1.[N+](=O)([O-])[O-].[Cu+2]","C27H25CuN5O6","579.1","[]","2","8"
"139163205","copper;2-[(E)-(dibenzylcarbamoylhydrazinylidene)methyl]-5-hydroxyphenolate;pyridine;nitrate","C1=CC=C(C=C1)CN(CC2=CC=CC=C2)C(=O)N/N=C/C3=C(C=C(C=C3)O)[O-].C1=CC=NC=C1.[N+](=O)([O-])[O-].[Cu+2]","C27H25CuN5O6","579.1","[]","2","8"
"139163205","copper;2-[(E)-(dibenzylcarbamoylhydrazinylidene)methyl]-5-hydroxyphenolate;pyridine;nitrate","C1=CC=C(C=C1)CN(CC2=CC=CC=C2)C(=O)N/N=C/C3=C(C=C(C=C3)O)[O-].C1=CC=NC=C1.[N+](=O)([O-])[O-].[Cu+2]","C27H25CuN5O6","579.1","[]","2","8"
"139163205","copper;2-[(E)-(dibenzylcarbamoylhydrazinylidene)methyl]-5-hydroxyphenolate;pyridine;nitrate","C1=CC=C(C=C1)CN(CC2=CC=CC=C2)C(=O)N/N=C/C3=C(C=C(C=C3)O)[O-].C1=CC=NC=C1.[N+](=O)([O-])[O-].[Cu+2]","C27H25CuN5O6","579.1","[]","2","8"
"139163205","copper;2-[(E)-(dibenzylcarbamoylhydrazinylidene)methyl]-5-hydroxyphenolate;pyridine;nitrate","C1=CC=C(C=C1)CN(CC2=CC=CC=C2)C(=O)N/N=C/C3=C(C=C(C=C3)O)[O-].C1=CC=NC=C1.[N+](=O)([O-])[O-].[Cu+2]","C27H25CuN5O6","579.1","[]","2","8"
"139163205","copper;2-[(E)-(dibenzylcarbamoylhydrazinylidene)methyl]-5-hydroxyphenolate;pyridine;nitrate","C1=CC=C(C=C1)CN(CC2=CC=CC=C2)C(=O)N/N=C/C3=C(C=C(C=C3)O)[O-].C1=CC=NC=C1.[N+](=O)([O-])[O-].[Cu+2]","C27H25CuN5O6","579.1","[]","2","8"
"139163205","copper;2-[(E)-(dibenzylcarbamoylhydrazinylidene)methyl]-5-hydroxyphenolate;pyridine;nitrate","C1=CC=C(C=C1)CN(CC2=CC=CC=C2)C(=O)N/N=C/C3=C(C=C(C=C3)O)[O-].C1=CC=NC=C1.[N+](=O)([O-])[O-].[Cu+2]","C27H25CuN5O6","579.1","[]","2","8"
"139163205","copper;2-[(E)-(dibenzylcarbamoylhydrazinylidene)methyl]-5-hydroxyphenolate;pyridine;nitrate","C1=CC=C(C=C1)CN(CC2=CC=CC=C2)C(=O)N/N=C/C3=C(C=C(C=C3)O)[O-].C1=CC=NC=C1.[N+](=O)([O-])[O-].[Cu+2]","C27H25CuN5O6","579.1","[]","2","8"
"139163205","copper;2-[(E)-(dibenzylcarbamoylhydrazinylidene)methyl]-5-hydroxyphenolate;pyridine;nitrate","C1=CC=C(C=C1)CN(CC2=CC=CC=C2)C(=O)N/N=C/C3=C(C=C(C=C3)O)[O-].C1=CC=NC=C1.[N+](=O)([O-])[O-].[Cu+2]","C27H25CuN5O6","579.1","[]","2","8"
"132517536","(12S,27S)-12,27-bis[(3,4-dihydroxyphenyl)methyl]-4,15,19,30-tetramethyl-3,7,14,18,22,29-hexaoxa-11,26,31,32,33,34,35,36-octazaheptacyclo[26.2.1.12,5.16,9.113,16.117,20.121,24]hexatriaconta-1(30),2(36),4,6(35),8,13(34),15,17(33),19,21(32),23,28(31)-dodecaene-10,25-dione","CC1=C2C3=NC(=C(O3)C)C4=NC(=CO4)C(=O)N[C@H](C5=NC(=C(O5)C)C6=NC(=C(O6)C)C7=NC(=CO7)C(=O)N[C@H](C(=N2)O1)CC8=CC(=C(C=C8)O)O)CC9=CC(=C(C=C9)O)O","C40H32N8O12","816.7","['J3.544.484J', '(2S,17S)-2,17-Bis(3,4-dihydroxybenzyl)-10,14,25,29-tetramethyl-7,11,15,22,26,30-hexaoxa-3,18,31,32,33,34,35,36-octaazaheptacyclo[26.2.1.15,8.19,12.113,16.120,23.124,27]hexatriacontane-1(31),5,8(36),9,12(35),13,16(34),20,23(33),24,27(32),28-dodecaene-4,19-dione']","6","18"
"132517536","(12S,27S)-12,27-bis[(3,4-dihydroxyphenyl)methyl]-4,15,19,30-tetramethyl-3,7,14,18,22,29-hexaoxa-11,26,31,32,33,34,35,36-octazaheptacyclo[26.2.1.12,5.16,9.113,16.117,20.121,24]hexatriaconta-1(30),2(36),4,6(35),8,13(34),15,17(33),19,21(32),23,28(31)-dodecaene-10,25-dione","CC1=C2C3=NC(=C(O3)C)C4=NC(=CO4)C(=O)N[C@H](C5=NC(=C(O5)C)C6=NC(=C(O6)C)C7=NC(=CO7)C(=O)N[C@H](C(=N2)O1)CC8=CC(=C(C=C8)O)O)CC9=CC(=C(C=C9)O)O","C40H32N8O12","816.7","['J3.544.484J', '(2S,17S)-2,17-Bis(3,4-dihydroxybenzyl)-10,14,25,29-tetramethyl-7,11,15,22,26,30-hexaoxa-3,18,31,32,33,34,35,36-octaazaheptacyclo[26.2.1.15,8.19,12.113,16.120,23.124,27]hexatriacontane-1(31),5,8(36),9,12(35),13,16(34),20,23(33),24,27(32),28-dodecaene-4,19-dione']","6","18"
"132517536","(12S,27S)-12,27-bis[(3,4-dihydroxyphenyl)methyl]-4,15,19,30-tetramethyl-3,7,14,18,22,29-hexaoxa-11,26,31,32,33,34,35,36-octazaheptacyclo[26.2.1.12,5.16,9.113,16.117,20.121,24]hexatriaconta-1(30),2(36),4,6(35),8,13(34),15,17(33),19,21(32),23,28(31)-dodecaene-10,25-dione","CC1=C2C3=NC(=C(O3)C)C4=NC(=CO4)C(=O)N[C@H](C5=NC(=C(O5)C)C6=NC(=C(O6)C)C7=NC(=CO7)C(=O)N[C@H](C(=N2)O1)CC8=CC(=C(C=C8)O)O)CC9=CC(=C(C=C9)O)O","C40H32N8O12","816.7","['J3.544.484J', '(2S,17S)-2,17-Bis(3,4-dihydroxybenzyl)-10,14,25,29-tetramethyl-7,11,15,22,26,30-hexaoxa-3,18,31,32,33,34,35,36-octaazaheptacyclo[26.2.1.15,8.19,12.113,16.120,23.124,27]hexatriacontane-1(31),5,8(36),9,12(35),13,16(34),20,23(33),24,27(32),28-dodecaene-4,19-dione']","6","18"
"132517536","(12S,27S)-12,27-bis[(3,4-dihydroxyphenyl)methyl]-4,15,19,30-tetramethyl-3,7,14,18,22,29-hexaoxa-11,26,31,32,33,34,35,36-octazaheptacyclo[26.2.1.12,5.16,9.113,16.117,20.121,24]hexatriaconta-1(30),2(36),4,6(35),8,13(34),15,17(33),19,21(32),23,28(31)-dodecaene-10,25-dione","CC1=C2C3=NC(=C(O3)C)C4=NC(=CO4)C(=O)N[C@H](C5=NC(=C(O5)C)C6=NC(=C(O6)C)C7=NC(=CO7)C(=O)N[C@H](C(=N2)O1)CC8=CC(=C(C=C8)O)O)CC9=CC(=C(C=C9)O)O","C40H32N8O12","816.7","['J3.544.484J', '(2S,17S)-2,17-Bis(3,4-dihydroxybenzyl)-10,14,25,29-tetramethyl-7,11,15,22,26,30-hexaoxa-3,18,31,32,33,34,35,36-octaazaheptacyclo[26.2.1.15,8.19,12.113,16.120,23.124,27]hexatriacontane-1(31),5,8(36),9,12(35),13,16(34),20,23(33),24,27(32),28-dodecaene-4,19-dione']","6","18"
"132517536","(12S,27S)-12,27-bis[(3,4-dihydroxyphenyl)methyl]-4,15,19,30-tetramethyl-3,7,14,18,22,29-hexaoxa-11,26,31,32,33,34,35,36-octazaheptacyclo[26.2.1.12,5.16,9.113,16.117,20.121,24]hexatriaconta-1(30),2(36),4,6(35),8,13(34),15,17(33),19,21(32),23,28(31)-dodecaene-10,25-dione","CC1=C2C3=NC(=C(O3)C)C4=NC(=CO4)C(=O)N[C@H](C5=NC(=C(O5)C)C6=NC(=C(O6)C)C7=NC(=CO7)C(=O)N[C@H](C(=N2)O1)CC8=CC(=C(C=C8)O)O)CC9=CC(=C(C=C9)O)O","C40H32N8O12","816.7","['J3.544.484J', '(2S,17S)-2,17-Bis(3,4-dihydroxybenzyl)-10,14,25,29-tetramethyl-7,11,15,22,26,30-hexaoxa-3,18,31,32,33,34,35,36-octaazaheptacyclo[26.2.1.15,8.19,12.113,16.120,23.124,27]hexatriacontane-1(31),5,8(36),9,12(35),13,16(34),20,23(33),24,27(32),28-dodecaene-4,19-dione']","6","18"
"132517536","(12S,27S)-12,27-bis[(3,4-dihydroxyphenyl)methyl]-4,15,19,30-tetramethyl-3,7,14,18,22,29-hexaoxa-11,26,31,32,33,34,35,36-octazaheptacyclo[26.2.1.12,5.16,9.113,16.117,20.121,24]hexatriaconta-1(30),2(36),4,6(35),8,13(34),15,17(33),19,21(32),23,28(31)-dodecaene-10,25-dione","CC1=C2C3=NC(=C(O3)C)C4=NC(=CO4)C(=O)N[C@H](C5=NC(=C(O5)C)C6=NC(=C(O6)C)C7=NC(=CO7)C(=O)N[C@H](C(=N2)O1)CC8=CC(=C(C=C8)O)O)CC9=CC(=C(C=C9)O)O","C40H32N8O12","816.7","['J3.544.484J', '(2S,17S)-2,17-Bis(3,4-dihydroxybenzyl)-10,14,25,29-tetramethyl-7,11,15,22,26,30-hexaoxa-3,18,31,32,33,34,35,36-octaazaheptacyclo[26.2.1.15,8.19,12.113,16.120,23.124,27]hexatriacontane-1(31),5,8(36),9,12(35),13,16(34),20,23(33),24,27(32),28-dodecaene-4,19-dione']","6","18"
"132517536","(12S,27S)-12,27-bis[(3,4-dihydroxyphenyl)methyl]-4,15,19,30-tetramethyl-3,7,14,18,22,29-hexaoxa-11,26,31,32,33,34,35,36-octazaheptacyclo[26.2.1.12,5.16,9.113,16.117,20.121,24]hexatriaconta-1(30),2(36),4,6(35),8,13(34),15,17(33),19,21(32),23,28(31)-dodecaene-10,25-dione","CC1=C2C3=NC(=C(O3)C)C4=NC(=CO4)C(=O)N[C@H](C5=NC(=C(O5)C)C6=NC(=C(O6)C)C7=NC(=CO7)C(=O)N[C@H](C(=N2)O1)CC8=CC(=C(C=C8)O)O)CC9=CC(=C(C=C9)O)O","C40H32N8O12","816.7","['J3.544.484J', '(2S,17S)-2,17-Bis(3,4-dihydroxybenzyl)-10,14,25,29-tetramethyl-7,11,15,22,26,30-hexaoxa-3,18,31,32,33,34,35,36-octaazaheptacyclo[26.2.1.15,8.19,12.113,16.120,23.124,27]hexatriacontane-1(31),5,8(36),9,12(35),13,16(34),20,23(33),24,27(32),28-dodecaene-4,19-dione']","6","18"
"132517536","(12S,27S)-12,27-bis[(3,4-dihydroxyphenyl)methyl]-4,15,19,30-tetramethyl-3,7,14,18,22,29-hexaoxa-11,26,31,32,33,34,35,36-octazaheptacyclo[26.2.1.12,5.16,9.113,16.117,20.121,24]hexatriaconta-1(30),2(36),4,6(35),8,13(34),15,17(33),19,21(32),23,28(31)-dodecaene-10,25-dione","CC1=C2C3=NC(=C(O3)C)C4=NC(=CO4)C(=O)N[C@H](C5=NC(=C(O5)C)C6=NC(=C(O6)C)C7=NC(=CO7)C(=O)N[C@H](C(=N2)O1)CC8=CC(=C(C=C8)O)O)CC9=CC(=C(C=C9)O)O","C40H32N8O12","816.7","['J3.544.484J', '(2S,17S)-2,17-Bis(3,4-dihydroxybenzyl)-10,14,25,29-tetramethyl-7,11,15,22,26,30-hexaoxa-3,18,31,32,33,34,35,36-octaazaheptacyclo[26.2.1.15,8.19,12.113,16.120,23.124,27]hexatriacontane-1(31),5,8(36),9,12(35),13,16(34),20,23(33),24,27(32),28-dodecaene-4,19-dione']","6","18"
"132517536","(12S,27S)-12,27-bis[(3,4-dihydroxyphenyl)methyl]-4,15,19,30-tetramethyl-3,7,14,18,22,29-hexaoxa-11,26,31,32,33,34,35,36-octazaheptacyclo[26.2.1.12,5.16,9.113,16.117,20.121,24]hexatriaconta-1(30),2(36),4,6(35),8,13(34),15,17(33),19,21(32),23,28(31)-dodecaene-10,25-dione","CC1=C2C3=NC(=C(O3)C)C4=NC(=CO4)C(=O)N[C@H](C5=NC(=C(O5)C)C6=NC(=C(O6)C)C7=NC(=CO7)C(=O)N[C@H](C(=N2)O1)CC8=CC(=C(C=C8)O)O)CC9=CC(=C(C=C9)O)O","C40H32N8O12","816.7","['J3.544.484J', '(2S,17S)-2,17-Bis(3,4-dihydroxybenzyl)-10,14,25,29-tetramethyl-7,11,15,22,26,30-hexaoxa-3,18,31,32,33,34,35,36-octaazaheptacyclo[26.2.1.15,8.19,12.113,16.120,23.124,27]hexatriacontane-1(31),5,8(36),9,12(35),13,16(34),20,23(33),24,27(32),28-dodecaene-4,19-dione']","6","18"
"149489255","(12S,27S)-12,27-bis[(4-hydroxyphenyl)methyl]-4,15,19,30-tetramethyl-3,7,14,18,22,29-hexaoxa-11,26,31,32,33,34,35,36-octazaheptacyclo[26.2.1.12,5.16,9.113,16.117,20.121,24]hexatriaconta-1(30),2(36),4,6(35),8,13(34),15,17(33),19,21(32),23,28(31)-dodecaene-10,25-dione","CC1=C2C3=NC(=C(O3)C)C4=NC(=CO4)C(=O)N[C@H](C5=NC(=C(O5)C)C6=NC(=C(O6)C)C7=NC(=CO7)C(=O)N[C@H](C(=N2)O1)CC8=CC=C(C=C8)O)CC9=CC=C(C=C9)O","C40H32N8O10","784.7","['CHEMBL4577576']","4","16"
"149489255","(12S,27S)-12,27-bis[(4-hydroxyphenyl)methyl]-4,15,19,30-tetramethyl-3,7,14,18,22,29-hexaoxa-11,26,31,32,33,34,35,36-octazaheptacyclo[26.2.1.12,5.16,9.113,16.117,20.121,24]hexatriaconta-1(30),2(36),4,6(35),8,13(34),15,17(33),19,21(32),23,28(31)-dodecaene-10,25-dione","CC1=C2C3=NC(=C(O3)C)C4=NC(=CO4)C(=O)N[C@H](C5=NC(=C(O5)C)C6=NC(=C(O6)C)C7=NC(=CO7)C(=O)N[C@H](C(=N2)O1)CC8=CC=C(C=C8)O)CC9=CC=C(C=C9)O","C40H32N8O10","784.7","['CHEMBL4577576']","4","16"
"149489255","(12S,27S)-12,27-bis[(4-hydroxyphenyl)methyl]-4,15,19,30-tetramethyl-3,7,14,18,22,29-hexaoxa-11,26,31,32,33,34,35,36-octazaheptacyclo[26.2.1.12,5.16,9.113,16.117,20.121,24]hexatriaconta-1(30),2(36),4,6(35),8,13(34),15,17(33),19,21(32),23,28(31)-dodecaene-10,25-dione","CC1=C2C3=NC(=C(O3)C)C4=NC(=CO4)C(=O)N[C@H](C5=NC(=C(O5)C)C6=NC(=C(O6)C)C7=NC(=CO7)C(=O)N[C@H](C(=N2)O1)CC8=CC=C(C=C8)O)CC9=CC=C(C=C9)O","C40H32N8O10","784.7","['CHEMBL4577576']","4","16"
"149489255","(12S,27S)-12,27-bis[(4-hydroxyphenyl)methyl]-4,15,19,30-tetramethyl-3,7,14,18,22,29-hexaoxa-11,26,31,32,33,34,35,36-octazaheptacyclo[26.2.1.12,5.16,9.113,16.117,20.121,24]hexatriaconta-1(30),2(36),4,6(35),8,13(34),15,17(33),19,21(32),23,28(31)-dodecaene-10,25-dione","CC1=C2C3=NC(=C(O3)C)C4=NC(=CO4)C(=O)N[C@H](C5=NC(=C(O5)C)C6=NC(=C(O6)C)C7=NC(=CO7)C(=O)N[C@H](C(=N2)O1)CC8=CC=C(C=C8)O)CC9=CC=C(C=C9)O","C40H32N8O10","784.7","['CHEMBL4577576']","4","16"
"149489255","(12S,27S)-12,27-bis[(4-hydroxyphenyl)methyl]-4,15,19,30-tetramethyl-3,7,14,18,22,29-hexaoxa-11,26,31,32,33,34,35,36-octazaheptacyclo[26.2.1.12,5.16,9.113,16.117,20.121,24]hexatriaconta-1(30),2(36),4,6(35),8,13(34),15,17(33),19,21(32),23,28(31)-dodecaene-10,25-dione","CC1=C2C3=NC(=C(O3)C)C4=NC(=CO4)C(=O)N[C@H](C5=NC(=C(O5)C)C6=NC(=C(O6)C)C7=NC(=CO7)C(=O)N[C@H](C(=N2)O1)CC8=CC=C(C=C8)O)CC9=CC=C(C=C9)O","C40H32N8O10","784.7","['CHEMBL4577576']","4","16"
"149489255","(12S,27S)-12,27-bis[(4-hydroxyphenyl)methyl]-4,15,19,30-tetramethyl-3,7,14,18,22,29-hexaoxa-11,26,31,32,33,34,35,36-octazaheptacyclo[26.2.1.12,5.16,9.113,16.117,20.121,24]hexatriaconta-1(30),2(36),4,6(35),8,13(34),15,17(33),19,21(32),23,28(31)-dodecaene-10,25-dione","CC1=C2C3=NC(=C(O3)C)C4=NC(=CO4)C(=O)N[C@H](C5=NC(=C(O5)C)C6=NC(=C(O6)C)C7=NC(=CO7)C(=O)N[C@H](C(=N2)O1)CC8=CC=C(C=C8)O)CC9=CC=C(C=C9)O","C40H32N8O10","784.7","['CHEMBL4577576']","4","16"
"149489255","(12S,27S)-12,27-bis[(4-hydroxyphenyl)methyl]-4,15,19,30-tetramethyl-3,7,14,18,22,29-hexaoxa-11,26,31,32,33,34,35,36-octazaheptacyclo[26.2.1.12,5.16,9.113,16.117,20.121,24]hexatriaconta-1(30),2(36),4,6(35),8,13(34),15,17(33),19,21(32),23,28(31)-dodecaene-10,25-dione","CC1=C2C3=NC(=C(O3)C)C4=NC(=CO4)C(=O)N[C@H](C5=NC(=C(O5)C)C6=NC(=C(O6)C)C7=NC(=CO7)C(=O)N[C@H](C(=N2)O1)CC8=CC=C(C=C8)O)CC9=CC=C(C=C9)O","C40H32N8O10","784.7","['CHEMBL4577576']","4","16"
"149489255","(12S,27S)-12,27-bis[(4-hydroxyphenyl)methyl]-4,15,19,30-tetramethyl-3,7,14,18,22,29-hexaoxa-11,26,31,32,33,34,35,36-octazaheptacyclo[26.2.1.12,5.16,9.113,16.117,20.121,24]hexatriaconta-1(30),2(36),4,6(35),8,13(34),15,17(33),19,21(32),23,28(31)-dodecaene-10,25-dione","CC1=C2C3=NC(=C(O3)C)C4=NC(=CO4)C(=O)N[C@H](C5=NC(=C(O5)C)C6=NC(=C(O6)C)C7=NC(=CO7)C(=O)N[C@H](C(=N2)O1)CC8=CC=C(C=C8)O)CC9=CC=C(C=C9)O","C40H32N8O10","784.7","['CHEMBL4577576']","4","16"
"149489255","(12S,27S)-12,27-bis[(4-hydroxyphenyl)methyl]-4,15,19,30-tetramethyl-3,7,14,18,22,29-hexaoxa-11,26,31,32,33,34,35,36-octazaheptacyclo[26.2.1.12,5.16,9.113,16.117,20.121,24]hexatriaconta-1(30),2(36),4,6(35),8,13(34),15,17(33),19,21(32),23,28(31)-dodecaene-10,25-dione","CC1=C2C3=NC(=C(O3)C)C4=NC(=CO4)C(=O)N[C@H](C5=NC(=C(O5)C)C6=NC(=C(O6)C)C7=NC(=CO7)C(=O)N[C@H](C(=N2)O1)CC8=CC=C(C=C8)O)CC9=CC=C(C=C9)O","C40H32N8O10","784.7","['CHEMBL4577576']","4","16"
"134130865","5-[3-(dimethylamino)propyl]quinolino[4,3-b]quinoxalin-6-one","CN(C)CCCN1C2=CC=CC=C2C3=NC4=CC=CC=C4N=C3C1=O","C20H20N4O","332.4","['CHEMBL3883419', 'BDBM50208201']","0","4"
"134130865","5-[3-(dimethylamino)propyl]quinolino[4,3-b]quinoxalin-6-one","CN(C)CCCN1C2=CC=CC=C2C3=NC4=CC=CC=C4N=C3C1=O","C20H20N4O","332.4","['CHEMBL3883419', 'BDBM50208201']","0","4"
"134130865","5-[3-(dimethylamino)propyl]quinolino[4,3-b]quinoxalin-6-one","CN(C)CCCN1C2=CC=CC=C2C3=NC4=CC=CC=C4N=C3C1=O","C20H20N4O","332.4","['CHEMBL3883419', 'BDBM50208201']","0","4"
"134130865","5-[3-(dimethylamino)propyl]quinolino[4,3-b]quinoxalin-6-one","CN(C)CCCN1C2=CC=CC=C2C3=NC4=CC=CC=C4N=C3C1=O","C20H20N4O","332.4","['CHEMBL3883419', 'BDBM50208201']","0","4"
"134130889","N',N'-dimethyl-N-quinolino[4,3-b]quinoxalin-6-ylbutane-1,4-diamine","CN(C)CCCCNC1=NC2=CC=CC=C2C3=NC4=CC=CC=C4N=C31","C21H23N5","345.4","['CHEMBL3883611', 'BDBM50208207']","1","5"
"134130889","N',N'-dimethyl-N-quinolino[4,3-b]quinoxalin-6-ylbutane-1,4-diamine","CN(C)CCCCNC1=NC2=CC=CC=C2C3=NC4=CC=CC=C4N=C31","C21H23N5","345.4","['CHEMBL3883611', 'BDBM50208207']","1","5"
"134130889","N',N'-dimethyl-N-quinolino[4,3-b]quinoxalin-6-ylbutane-1,4-diamine","CN(C)CCCCNC1=NC2=CC=CC=C2C3=NC4=CC=CC=C4N=C31","C21H23N5","345.4","['CHEMBL3883611', 'BDBM50208207']","1","5"
"134130889","N',N'-dimethyl-N-quinolino[4,3-b]quinoxalin-6-ylbutane-1,4-diamine","CN(C)CCCCNC1=NC2=CC=CC=C2C3=NC4=CC=CC=C4N=C31","C21H23N5","345.4","['CHEMBL3883611', 'BDBM50208207']","1","5"
"134130889","N',N'-dimethyl-N-quinolino[4,3-b]quinoxalin-6-ylbutane-1,4-diamine","CN(C)CCCCNC1=NC2=CC=CC=C2C3=NC4=CC=CC=C4N=C31","C21H23N5","345.4","['CHEMBL3883611', 'BDBM50208207']","1","5"
"16407457","10-[4-(2-hydroxyethyl)piperazine-1-carbonyl]-16,17-dimethoxy-1,11-diazapentacyclo[10.7.1.02,7.08,20.013,18]icosa-2,4,6,8,10,12(20),13(18),14,16-nonaen-19-one","COC1=C(C2=C(C=C1)C3=C4C(=CC(=N3)C(=O)N5CCN(CC5)CCO)C6=CC=CC=C6N4C2=O)OC","C27H26N4O5","486.5","['CHEMBL4442743', 'STL517256', 'ZINC20759163', 'AKOS032436484', 'MCULE-7078179995', '2-(4-(2-hydroxyethyl)piperazine-1-carbonyl)-6,7-dimethoxy-8H-benzo[c]indolo[3,2,1-ij][1,5]naphthyridin-8-one', '2-{[4-(2-hydroxyethyl)piperazin-1-yl]carbonyl}-10,11-dimethoxy-9H-benzo[c]indolo[3,2,1-ij][1,5]naphthyridin-9-one', '904506-96-3']","1","7"
